year,month,day,hour,minute,celsius,fahrenheit,humidity,pressure,pm10,pm25,pm100,pm25_reported,pm25_avg_15,pm25_avg_60,particles_03um,particles_05um,particles_100um,particles_10um,particles_25um,particles_50um
2023,10,16,14,0,27.20000000000001,81.0,30.733333333333334,1008.5899999999998,0.9363333333333337,5.309666666666667,1.6520000000000006,1.5120000000000002,4.857666666666668,5.237333333333335,331.1666666666667,94.06666666666666,0.0,13.166666666666666,0.5666666666666667,0.0
2023,10,16,14,30,27.20000000000001,81.0,30.0,1008.3953333333333,0.827,5.262666666666666,1.4986666666666664,1.3716666666666666,4.793333333333333,5.208666666666667,334.8,94.5,0.0,12.233333333333333,0.5333333333333333,0.0
2023,10,16,15,0,27.16666666666668,80.93333333333334,30.2,1008.3706666666668,0.7323333333333334,5.199000000000002,1.2796666666666667,1.1849999999999998,4.714,5.130666666666668,301.2,85.23333333333333,0.0,10.466666666666667,0.3,0.0
2023,10,16,15,30,27.133333333333344,80.86666666666666,31.733333333333334,1008.2946666666668,0.5003333333333332,5.118333333333333,1.1363333333333332,0.9440000000000002,4.592333333333332,5.047,276.73333333333335,78.9,0.0,9.533333333333333,0.4666666666666667,0.0
2023,10,16,16,0,27.20000000000001,81.0,32.86666666666667,1008.1039999999998,0.8959999999999998,5.295000000000001,1.6726666666666672,1.4660000000000002,4.794666666666666,5.053666666666666,331.93333333333334,94.06666666666666,0.0,12.5,0.6333333333333333,0.0
2023,10,16,16,30,27.20000000000001,81.0,31.533333333333335,1007.904,0.26566666666666666,5.015333333333333,0.8033333333333332,0.639,4.557999999999999,5.059666666666667,214.53333333333333,61.266666666666666,0.0,7.866666666666666,0.5333333333333333,0.06666666666666667
2023,10,16,17,0,27.20000000000001,81.0,33.53333333333333,1007.6659999999999,0.06766666666666667,4.884333333333333,0.2823333333333334,0.25266666666666665,4.310333333333333,4.901,139.23333333333332,39.53333333333333,0.0,4.633333333333334,0.06666666666666667,0.0
2023,10,16,17,30,27.20000000000001,81.0,33.4,1007.4273333333331,0.021,4.838666666666668,0.182,0.11599999999999998,4.2540000000000004,4.733666666666666,124.03333333333333,35.1,0.0,4.0,0.06666666666666667,0.0
2023,10,16,18,0,27.066666666666677,80.73333333333333,33.0,1007.512,0.03133333333333334,4.879333333333334,0.36466666666666664,0.2376666666666667,4.289000000000001,4.7056666666666676,133.5,37.9,0.0,5.3,0.2,0.0
2023,10,16,18,30,26.766666666666676,80.13333333333334,33.2,1007.5926666666667,0.07600000000000001,4.904999999999999,0.5493333333333333,0.31233333333333335,4.296666666666665,4.716000000000003,129.9,37.766666666666666,0.03333333333333333,6.1,0.6,0.06666666666666667
2023,10,16,19,0,26.70000000000001,80.0,33.53333333333333,1007.7906666666669,0.025,4.841333333333333,0.22666666666666666,0.12366666666666669,4.299666666666667,4.733000000000001,106.63333333333334,30.3,0.0,4.433333333333334,0.23333333333333334,0.03333333333333333
2023,10,16,19,30,26.733333333333345,80.06666666666666,35.333333333333336,1007.6046666666666,0.006666666666666667,4.819333333333333,0.08733333333333332,0.05799999999999999,4.227000000000001,4.704666666666667,80.3,22.5,0.0,2.566666666666667,0.13333333333333333,0.0
2023,10,16,20,0,26.70000000000001,80.0,36.93333333333333,1007.486,0.006333333333333333,4.816999999999999,0.12733333333333333,0.05,4.221999999999999,4.663666666666668,90.5,25.433333333333334,0.0,2.4,0.03333333333333333,0.0
2023,10,16,20,30,27.066666666666677,80.73333333333333,37.666666666666664,1007.5986666666668,0.0006666666666666666,4.8073333333333315,0.03333333333333333,0.022000000000000006,4.212333333333334,4.660333333333336,73.46666666666667,21.066666666666666,0.0,2.1666666666666665,0.0,0.0
2023,10,16,21,0,26.70000000000001,80.0,39.4,1007.8179999999996,0.0,4.8020000000000005,0.024,0.006,4.203,4.651333333333333,67.66666666666667,18.8,0.0,1.9666666666666666,0.03333333333333333,0.0
2023,10,16,21,30,26.540000000000006,79.73333333333333,40.4,1007.9273333333331,0.06033333333333334,4.877666666666666,0.3086666666666666,0.2313333333333333,4.242000000000001,4.6573333333333355,110.2,31.4,0.0,4.5,0.26666666666666666,0.0
2023,10,16,22,0,26.500000000000004,79.66666666666667,41.13333333333333,1008.0626666666662,0.2323333333333334,5.016333333333334,0.945,0.643,4.497333333333334,4.758666666666668,185.8,53.96666666666667,0.0,10.0,0.9333333333333333,0.13333333333333333
2023,10,16,22,30,26.58000000000002,79.8,41.46666666666667,1008.2713333333334,0.009666666666666665,4.808999999999999,0.08866666666666667,0.027000000000000003,4.238666666666666,4.786666666666666,75.8,21.8,0.03333333333333333,1.7,0.06666666666666667,0.03333333333333333
2023,10,16,23,0,26.70000000000001,80.0,42.0,1008.1653333333333,0.0,4.804333333333332,0.030000000000000002,0.013000000000000001,4.205,4.694333333333334,59.56666666666667,16.766666666666666,0.0,1.2333333333333334,0.03333333333333333,0.0
2023,10,16,23,30,26.34000000000002,79.4,42.46666666666667,1008.1766666666667,0.0,4.8,0.016,0.0,4.201666666666667,4.6450000000000005,54.766666666666666,15.1,0.0,1.1666666666666667,0.0,0.0
2023,10,17,0,0,26.100000000000016,79.0,43.4,1008.2253333333337,0.0,4.802666666666666,0.021333333333333333,0.008,4.202000000000002,4.643,65.76666666666667,18.566666666666666,0.0,1.4,0.0,0.0
2023,10,17,0,30,26.100000000000016,79.0,44.0,1007.9939999999999,0.0,4.803666666666666,0.028333333333333335,0.011333333333333334,4.205333333333333,4.645333333333334,76.56666666666666,21.966666666666665,0.0,1.7333333333333334,0.0,0.0
2023,10,17,1,0,26.100000000000016,79.0,44.0,1007.7433333333337,0.0,3.5006666666666675,0.035333333333333335,0.013333333333333332,3.389666666666666,4.3709999999999996,84.96666666666667,23.566666666666666,0.0,2.5,0.0,0.0
2023,10,17,1,30,26.100000000000016,79.0,44.0,1007.6313333333338,0.0,3.4103333333333348,0.052333333333333336,0.018333333333333333,2.989666666666667,3.681333333333333,91.76666666666667,25.866666666666667,0.0,2.466666666666667,0.0,0.0
2023,10,17,2,0,26.100000000000016,79.0,44.666666666666664,1007.8253333333334,0.05600000000000001,3.4496666666666673,0.10233333333333333,0.08766666666666666,3.0290000000000004,3.315666666666667,113.93333333333334,32.233333333333334,0.0,2.9,0.0,0.0
2023,10,17,2,30,26.03333333333335,78.86666666666666,45.0,1007.8300000000002,0.006,3.411666666666668,0.041666666666666664,0.021333333333333333,2.9973333333333345,3.3209999999999997,103.8,28.633333333333333,0.0,2.7666666666666666,0.0,0.0
2023,10,17,3,0,25.600000000000012,78.0,45.0,1007.7953333333331,0.009000000000000001,3.428666666666668,0.13333333333333333,0.051333333333333335,3.0033333333333334,3.3139999999999996,112.1,31.2,0.0,3.4,0.1,0.03333333333333333
2023,10,17,3,30,25.600000000000012,78.0,45.06666666666667,1007.878666666667,0.028,3.4556666666666676,0.11800000000000001,0.09933333333333334,3.028,3.3196666666666674,128.66666666666666,35.96666666666667,0.0,3.8,0.0,0.0
2023,10,17,4,0,25.600000000000012,78.0,45.86666666666667,1007.9126666666671,0.03166666666666666,3.454,0.11466666666666668,0.09733333333333333,3.042666666666665,3.3419999999999996,137.13333333333333,38.36666666666667,0.0,3.966666666666667,0.0,0.0
2023,10,17,4,30,25.600000000000012,78.0,46.0,1007.9953333333334,0.07133333333333333,3.4890000000000003,0.1806666666666667,0.15833333333333333,3.0573333333333337,3.3546666666666667,142.43333333333334,39.333333333333336,0.0,3.7666666666666666,0.0,0.0
2023,10,17,5,0,25.600000000000012,78.0,45.93333333333333,1008.1013333333332,0.042333333333333334,3.4840000000000004,0.1826666666666667,0.14933333333333335,3.073666666666667,3.3660000000000014,146.86666666666667,40.56666666666667,0.0,4.233333333333333,0.03333333333333333,0.0
2023,10,17,5,30,25.600000000000012,78.0,45.2,1008.176,0.09966666666666667,3.5526666666666675,0.29166666666666674,0.27066666666666667,3.126333333333333,3.3969999999999994,163.3,45.733333333333334,0.0,5.166666666666667,0.03333333333333333,0.0
2023,10,17,6,0,25.600000000000012,78.0,45.0,1008.1726666666665,0.129,3.572333333333334,0.3423333333333333,0.30733333333333335,3.157666666666667,3.4309999999999996,175.63333333333333,49.1,0.0,5.866666666666666,0.03333333333333333,0.0
2023,10,17,6,30,25.120000000000005,77.2,45.0,1008.1746666666666,0.18799999999999997,3.657666666666667,0.489,0.4583333333333333,3.234666666666667,3.4826666666666655,196.66666666666666,54.733333333333334,0.0,6.166666666666667,0.03333333333333333,0.0
2023,10,17,7,0,25.0,77.0,45.0,1008.0533333333335,0.285,3.6966666666666668,0.588333333333333,0.527,3.286333333333333,3.5403333333333333,231.1,65.36666666666666,0.0,7.566666666666666,0.03333333333333333,0.0
2023,10,17,7,30,25.0,77.0,45.0,1008.2773333333332,0.411,3.814999999999999,0.7900000000000001,0.738,3.4053333333333335,3.6153333333333326,259.26666666666665,73.13333333333334,0.0,8.833333333333334,0.1,0.0
2023,10,17,8,0,25.0,77.0,45.53333333333333,1008.4313333333336,0.48833333333333334,3.8503333333333334,0.8396666666666668,0.8003333333333335,3.4566666666666666,3.697333333333333,249.76666666666668,70.76666666666667,0.0,9.1,0.03333333333333333,0.0
2023,10,17,8,30,25.0,77.0,46.0,1008.8366666666667,0.7746666666666667,4.124,1.3749999999999998,1.286333333333333,3.7076666666666664,3.8203333333333327,310.7,88.23333333333333,0.0,12.766666666666667,0.23333333333333334,0.0
2023,10,17,9,0,25.240000000000002,77.4,46.0,1009.0726666666669,0.6960000000000001,4.042666666666667,1.2890000000000001,1.1433333333333335,3.7220000000000004,3.951,299.93333333333334,85.56666666666666,0.03333333333333333,11.133333333333333,0.36666666666666664,0.03333333333333333
2023,10,17,9,30,25.933333333333348,78.66666666666667,44.53333333333333,1009.0653333333333,0.8016666666666669,4.127666666666666,1.4163333333333337,1.2943333333333333,3.7333333333333334,3.9896666666666665,299.26666666666665,85.1,0.0,11.466666666666667,0.36666666666666664,0.03333333333333333
2023,10,17,10,0,26.66000000000001,79.93333333333334,42.4,1008.8933333333333,1.8800000000000003,4.948333333333333,3.0146666666666677,2.753,4.335999999999999,4.159666666666666,490.1333333333333,139.73333333333332,0.0,20.833333333333332,0.7333333333333333,0.03333333333333333
2023,10,17,10,30,27.100000000000012,80.8,40.86666666666667,1008.6453333333332,2.991333333333333,5.860666666666666,4.627666666666666,4.375,5.642666666666666,4.962000000000001,668.1666666666666,191.9,0.0,28.933333333333334,1.5666666666666667,0.0
2023,10,17,11,0,27.680000000000007,81.8,38.46666666666667,1008.4513333333338,3.2199999999999998,5.986666666666667,4.902666666666667,4.601333333333334,5.659,5.6640000000000015,707.0,200.66666666666666,0.0,30.6,1.5333333333333334,0.1
2023,10,17,11,30,27.79999999999999,82.0,35.666666666666664,1008.0480000000003,7.1983333333333315,9.090666666666667,10.668333333333333,10.123333333333333,8.406666666666666,6.662999999999999,1342.1,384.8333333333333,0.03333333333333333,64.23333333333333,3.5,0.3
2023,10,17,12,0,28.266666666666655,82.93333333333334,33.733333333333334,1007.7713333333337,6.791666666666667,8.858666666666666,10.625666666666666,9.709333333333332,9.293666666666669,8.380999999999998,1277.0333333333333,365.1,0.16666666666666666,62.5,4.333333333333333,0.4666666666666667
2023,10,17,12,30,28.85999999999998,83.93333333333334,33.0,1007.3833333333337,4.591666666666667,7.067666666666666,7.003333333333334,6.525,7.339666666666665,8.554,923.5333333333333,263.06666666666666,0.06666666666666667,42.233333333333334,2.2333333333333334,0.2
2023,10,17,13,0,28.85999999999999,83.93333333333334,32.06666666666667,1006.8259999999999,6.910333333333335,8.831333333333333,10.512000000000002,9.663666666666668,8.552333333333333,7.903666666666667,1288.4333333333334,367.76666666666665,0.1,61.9,4.0,0.5
2023,10,17,13,30,28.29999999999999,83.0,32.333333333333336,1006.3013333333334,6.014666666666666,8.075,8.742,8.315,8.345333333333333,8.261666666666668,1139.2,324.56666666666666,0.03333333333333333,52.43333333333333,2.466666666666667,0.23333333333333334
2023,10,17,14,0,28.29999999999999,83.0,33.0,1005.9613333333334,5.499333333333334,7.614,8.056333333333333,7.497,7.642666666666666,8.185666666666666,1064.9,302.6333333333333,0.0,46.8,2.6666666666666665,0.23333333333333334
2023,10,17,14,30,28.29999999999999,83.0,33.93333333333333,1005.5599999999998,4.688,7.150333333333332,7.175999999999999,6.671666666666666,7.176333333333333,7.570666666666667,940.0333333333333,267.1666666666667,0.03333333333333333,42.733333333333334,2.7666666666666666,0.16666666666666666
2023,10,17,15,0,28.29999999999999,83.0,34.0,1005.1746666666667,4.646666666666665,7.2299999999999995,7.496666666666666,6.812666666666668,7.266333333333332,7.272999999999998,950.4666666666667,272.03333333333336,0.06666666666666667,45.43333333333333,3.566666666666667,0.36666666666666664
2023,10,17,15,30,28.29999999999999,83.0,33.8,1004.9999999999999,3.5189999999999997,6.266,5.520666666666666,5.097666666666666,6.191666666666666,6.879333333333333,746.8,211.5,0.03333333333333333,33.56666666666667,2.033333333333333,0.16666666666666666
2023,10,17,16,0,28.29999999999999,83.0,33.0,1004.8520000000003,3.1756666666666664,6.241999999999998,5.870666666666665,5.055666666666667,6.098333333333333,6.412666666666666,711.7,204.13333333333333,0.13333333333333333,37.03333333333333,3.533333333333333,0.6333333333333333
2023,10,17,16,30,28.29999999999999,83.0,32.93333333333333,1004.6486666666666,1.4780000000000002,4.751666666666668,2.6363333333333334,2.4019999999999997,4.900333333333333,5.843333333333335,440.03333333333336,124.1,0.0,18.433333333333334,1.0666666666666667,0.03333333333333333
2023,10,17,17,0,28.29999999999999,83.0,33.0,1004.568,0.9756666666666669,4.3036666666666665,1.8153333333333335,1.6086666666666667,4.082333333333334,4.979000000000001,342.3666666666667,97.26666666666667,0.0,13.166666666666666,0.7,0.03333333333333333
2023,10,17,17,30,28.266666666666655,82.93333333333334,33.0,1004.5913333333333,0.5473333333333333,3.927666666666666,1.0203333333333335,0.9359999999999999,3.56,4.164333333333334,272.5,76.46666666666667,0.0,8.966666666666667,0.36666666666666664,0.0
2023,10,17,18,0,28.233333333333324,82.86666666666666,33.0,1004.6013333333334,0.511,3.964333333333334,1.1706666666666665,1.0033333333333334,3.6013333333333333,3.899,265.56666666666666,74.53333333333333,0.0,9.633333333333333,0.4666666666666667,0.0
2023,10,17,18,30,27.79999999999999,82.0,33.8,1004.598666666667,0.5473333333333332,3.906666666666667,1.032,0.9016666666666668,3.5400000000000005,3.842666666666666,272.8,76.8,0.0,8.1,0.3,0.0
2023,10,17,19,0,27.79999999999999,82.0,34.0,1004.7639999999993,0.5816666666666666,3.9463333333333335,1.099,0.9723333333333335,3.5596666666666668,3.829333333333332,269.23333333333335,75.96666666666667,0.03333333333333333,9.333333333333334,0.36666666666666664,0.03333333333333333
2023,10,17,19,30,27.79999999999999,82.0,34.0,1004.8786666666664,0.7096666666666668,4.034666666666667,1.2046666666666668,1.127333333333333,3.615,3.8456666666666663,284.23333333333335,78.66666666666667,0.0,10.1,0.26666666666666666,0.03333333333333333
2023,10,17,20,0,27.79999999999999,82.0,34.733333333333334,1005.0340000000001,0.7163333333333334,4.042333333333334,1.2386666666666668,1.1426666666666667,3.713333333333334,3.9246666666666665,308.3666666666667,85.96666666666667,0.0,10.6,0.26666666666666666,0.0
2023,10,17,20,30,27.79999999999999,82.0,35.0,1005.1153333333331,1.028,4.283333333333333,1.7756666666666663,1.57,3.866,4.016333333333333,340.7,96.1,0.03333333333333333,11.833333333333334,0.5333333333333333,0.03333333333333333
2023,10,17,21,0,27.99999999999999,82.4,34.13333333333333,1005.2953333333332,0.8723333333333333,4.179333333333333,1.5270000000000004,1.3856666666666668,3.9430000000000005,4.138,333.53333333333336,94.0,0.0,11.566666666666666,0.4,0.03333333333333333
2023,10,17,21,30,28.19999999999999,82.8,33.0,1005.5053333333334,0.8096666666666666,4.131666666666667,1.5390000000000001,1.3019999999999996,3.728666666666666,4.1160000000000005,319.56666666666666,90.13333333333334,0.0,11.466666666666667,0.5,0.03333333333333333
2023,10,17,22,0,27.83333333333332,82.06666666666666,33.0,1005.6340000000001,0.8673333333333334,4.166666666666667,1.4966666666666668,1.363,3.7869999999999995,4.016333333333334,329.1666666666667,92.33333333333333,0.0,11.033333333333333,0.3333333333333333,0.0
2023,10,17,22,30,27.966666666666654,82.33333333333333,32.8,1005.712,1.0096666666666667,4.254666666666667,1.6943333333333332,1.520333333333333,3.910333333333333,4.086333333333333,351.8,97.66666666666667,0.0,11.8,0.5,0.03333333333333333
2023,10,17,23,0,27.79999999999999,82.0,33.0,1005.7213333333335,1.136666666666667,4.363,1.8063333333333336,1.7123333333333333,3.9986666666666664,4.176333333333333,373.3333333333333,104.2,0.0,13.2,0.4,0.0
2023,10,17,23,30,27.79999999999999,82.0,33.0,1005.6806666666668,1.413,4.55,2.2236666666666665,2.045,4.1866666666666665,4.301333333333334,394.03333333333336,110.73333333333333,0.0,14.4,0.5,0.0
2023,10,18,0,0,27.79999999999999,82.0,32.8,1005.6066666666667,1.3753333333333337,4.547666666666667,2.159,2.041,4.2700000000000005,4.436333333333333,420.46666666666664,117.63333333333334,0.03333333333333333,14.266666666666667,0.3,0.03333333333333333
2023,10,18,0,30,27.559999999999985,81.6,32.0,1005.6513333333335,1.6340000000000001,4.715999999999999,2.457,2.341,4.401666666666666,4.541666666666667,461.93333333333334,128.4,0.0,15.7,0.7333333333333333,0.0
2023,10,18,1,0,27.20000000000001,81.0,31.866666666666667,1005.6873333333334,1.4606666666666668,4.611000000000001,2.318333333333334,2.154333333333333,4.272333333333334,4.549999999999999,440.23333333333335,123.5,0.0,15.2,0.5,0.0
2023,10,18,1,30,27.20000000000001,81.0,32.0,1005.6826666666665,1.6186666666666667,4.677666666666665,2.356666666666666,2.271666666666667,4.3836666666666675,4.5553333333333335,450.96666666666664,126.53333333333333,0.0,15.266666666666667,0.4666666666666667,0.0
2023,10,18,2,0,27.20000000000001,81.0,32.0,1005.7033333333334,1.3666666666666667,4.552666666666667,2.2419999999999995,2.049,4.275000000000001,4.557666666666665,420.1333333333333,118.16666666666667,0.0,15.366666666666667,0.5333333333333333,0.06666666666666667
2023,10,18,2,30,27.20000000000001,81.0,32.0,1005.646,1.2829999999999997,4.440999999999999,1.9496666666666667,1.8506666666666667,4.1339999999999995,4.472666666666667,396.8666666666667,110.76666666666667,0.0,12.733333333333333,0.36666666666666664,0.0
2023,10,18,3,0,27.20000000000001,81.0,31.933333333333334,1005.6320000000002,1.3176666666666668,4.512,2.1593333333333335,1.9766666666666668,4.148000000000001,4.393,413.7,116.0,0.0,13.8,0.5333333333333333,0.0
2023,10,18,3,30,27.00000000000001,80.6,31.133333333333333,1005.5973333333337,1.5606666666666669,4.653333333333333,2.37,2.2286666666666672,4.344666666666667,4.452999999999999,447.8333333333333,125.93333333333334,0.0,15.633333333333333,0.43333333333333335,0.03333333333333333
2023,10,18,4,0,26.70000000000001,80.0,31.0,1005.5779999999999,1.6596666666666664,4.715999999999998,2.4946666666666664,2.3393333333333333,4.369333333333334,4.550666666666667,459.56666666666666,129.83333333333334,0.0,16.833333333333332,0.43333333333333335,0.0
2023,10,18,4,30,26.70000000000001,80.0,31.0,1005.6026666666669,2.3033333333333337,5.203,3.309666666666667,3.2056666666666676,4.815333333333333,4.7266666666666675,560.0666666666667,157.73333333333332,0.0,21.066666666666666,0.6,0.0
2023,10,18,5,0,26.70000000000001,80.0,31.0,1005.7186666666668,3.1606666666666667,5.855,4.546000000000001,4.368333333333333,5.5313333333333325,5.194999999999999,693.2333333333333,197.2,0.0,27.5,1.1666666666666667,0.0
2023,10,18,5,30,26.70000000000001,80.0,31.0,1006.0026666666666,3.0250000000000004,5.787000000000002,4.4126666666666665,4.245,5.674000000000001,5.670000000000001,691.0,196.3,0.0,27.066666666666666,1.2666666666666666,0.03333333333333333
2023,10,18,6,0,26.70000000000001,80.0,31.0,1006.2519999999997,2.5543333333333336,5.435333333333333,3.796,3.6206666666666667,5.333666666666668,5.710333333333333,599.3333333333334,170.36666666666667,0.0,23.766666666666666,0.9,0.0
2023,10,18,6,30,26.70000000000001,80.0,31.0,1006.4340000000001,2.4450000000000003,5.297999999999999,3.5786666666666664,3.3763333333333327,4.983666666666666,5.392333333333334,586.2333333333333,164.86666666666667,0.0,22.533333333333335,0.9666666666666667,0.03333333333333333
2023,10,18,7,0,26.70000000000001,80.0,31.0,1006.5206666666666,3.382333333333333,6.017333333333335,4.895333333333332,4.6543333333333345,5.680000000000001,5.419666666666668,730.9333333333333,207.2,0.0,28.533333333333335,1.4666666666666666,0.03333333333333333
2023,10,18,7,30,26.70000000000001,80.0,31.0,1006.6753333333332,4.236,6.7,6.222666666666667,5.869999999999999,6.3999999999999995,5.969333333333334,871.9333333333333,247.23333333333332,0.03333333333333333,36.266666666666666,1.7333333333333334,0.1
2023,10,18,8,0,26.70000000000001,80.0,31.0,1006.9133333333334,4.712666666666667,7.019333333333333,6.768333333333333,6.438999999999998,6.962666666666667,6.630333333333331,935.3333333333334,267.3333333333333,0.0,39.96666666666667,1.9333333333333333,0.1
2023,10,18,8,30,26.80000000000001,80.2,31.733333333333334,1007.0613333333332,4.507000000000001,6.945000000000001,6.59,6.304333333333334,6.842,6.935666666666667,903.9333333333333,257.6333333333333,0.0,40.766666666666666,1.9333333333333333,0.1
2023,10,18,9,0,27.20000000000001,81.0,31.0,1007.2199999999999,4.4943333333333335,6.907000000000001,6.556333333333332,6.239000000000001,6.913333333333332,6.952333333333333,902.3,257.6333333333333,0.0,39.266666666666666,2.1,0.06666666666666667
2023,10,18,9,30,27.720000000000002,81.86666666666666,31.866666666666667,1007.3273333333334,4.536333333333333,6.9556666666666676,6.607666666666665,6.324333333333334,6.763999999999999,6.896333333333334,923.9,263.26666666666665,0.0,39.5,1.6666666666666667,0.06666666666666667
2023,10,18,10,0,28.099999999999987,82.6,33.0,1007.3919999999998,5.881333333333332,8.072,9.185666666666668,8.311666666666666,7.913666666666666,7.241333333333333,1124.5666666666666,321.1666666666667,0.13333333333333333,54.333333333333336,3.8666666666666667,0.6333333333333333
2023,10,18,10,30,28.29999999999999,83.0,33.0,1007.3660000000001,5.594,7.881333333333333,8.745333333333331,7.972666666666665,7.900999999999999,7.7926666666666655,1099.0,312.93333333333334,0.03333333333333333,52.233333333333334,3.7666666666666666,0.43333333333333335
2023,10,18,11,0,28.29999999999999,83.0,33.8,1007.2986666666667,5.786666666666666,8.045,8.83633333333333,8.262333333333334,8.204666666666668,8.028666666666668,1117.0,319.1333333333333,0.0,54.1,3.2333333333333334,0.36666666666666664
2023,10,18,11,30,28.29999999999999,83.0,34.733333333333334,1007.1340000000001,4.570999999999999,7.099666666666666,7.114,6.580333333333333,7.111999999999998,7.7390000000000025,937.9,266.3333333333333,0.06666666666666667,41.63333333333333,3.0,0.3
2023,10,18,12,0,28.29999999999999,83.0,34.13333333333333,1006.9026666666667,3.673333333333334,6.362333333333334,5.786,5.268999999999999,6.548000000000001,7.095000000000002,795.5,224.96666666666667,0.03333333333333333,34.3,2.3333333333333335,0.23333333333333334
2023,10,18,12,30,27.933333333333323,82.26666666666667,34.0,1006.538,2.506333333333333,5.387666666666666,4.028,3.535333333333334,5.229,6.222666666666667,613.2666666666667,172.03333333333333,0.2,20.866666666666667,2.066666666666667,0.2
2023,10,18,13,0,28.006666666666653,82.4,33.666666666666664,1006.1139999999995,4.393666666666666,6.793000000000001,7.057999999999998,6.036333333333331,5.802666666666667,5.663666666666668,921.4666666666667,259.56666666666666,0.43333333333333335,34.233333333333334,4.1,0.7666666666666667
2023,10,18,13,30,32.34000000000002,90.2,27.4,1005.036,7.1290000000000004,8.891666666666664,11.160666666666666,9.771333333333331,9.102,7.047666666666668,1376.9,387.2,0.6,56.233333333333334,5.366666666666666,1.2666666666666666
2023,10,18,14,0,36.37333333333334,97.46666666666667,21.666666666666668,1004.616666666667,6.863,8.633999999999999,10.624,9.311666666666667,8.755333333333335,8.532666666666668,1340.3666666666666,376.4,0.36666666666666664,54.6,4.833333333333333,1.1333333333333333
2023,10,18,14,30,42.66666666666665,108.8,14.8,1004.2706666666666,7.28,8.814666666666664,10.848,9.633,8.732000000000001,8.681000000000001,1431.5333333333333,401.23333333333335,0.2,56.2,4.566666666666666,1.1333333333333333
2023,10,18,15,0,44.466666666666676,112.06666666666666,12.933333333333334,1004.092,7.855000000000001,9.15,11.340333333333337,10.228666666666665,9.470333333333333,8.954666666666666,1528.8333333333333,427.03333333333336,0.23333333333333334,59.9,3.6333333333333333,0.8
2023,10,18,15,30,45.33333333333336,113.6,12.266666666666667,1004.0260000000001,7.25,8.761666666666668,10.75066666666667,9.538999999999998,8.750333333333336,9.023999999999997,1443.0,401.76666666666665,0.26666666666666666,55.03333333333333,4.433333333333334,0.8666666666666667
2023,10,18,16,0,45.726666666666674,114.26666666666667,12.0,1003.8879999999997,7.418999999999999,8.877000000000002,11.018666666666663,9.744666666666667,9.046333333333333,8.860666666666669,1486.6,414.9,0.3,58.03333333333333,4.366666666666666,0.9666666666666667
2023,10,18,16,30,45.193333333333314,113.33333333333333,12.466666666666667,1003.7206666666667,8.081000000000001,9.486333333333334,12.445000000000002,10.827999999999998,9.447,9.058666666666666,1584.4333333333334,442.4,0.5,64.53333333333333,5.766666666666667,1.1666666666666667
2023,10,18,17,0,42.78,109.0,13.733333333333333,1003.618,8.167333333333334,9.596333333333332,12.42633333333333,11.024333333333338,9.764666666666667,9.394,1594.5666666666666,445.3333333333333,0.36666666666666664,66.36666666666666,5.266666666666667,1.0333333333333334
2023,10,18,17,30,39.17999999999998,102.53333333333333,17.2,1003.5866666666666,8.374333333333334,9.783,13.227999999999998,11.355666666666668,9.947333333333331,9.688999999999997,1609.8666666666666,453.8,0.6333333333333333,69.53333333333333,5.766666666666667,1.9
2023,10,18,18,0,36.346666666666685,97.4,20.666666666666668,1003.6660000000003,8.508000000000003,9.903666666666663,13.547666666666666,11.571000000000003,10.132333333333337,9.847333333333335,1586.7333333333333,447.53333333333336,0.7666666666666667,70.76666666666667,6.6,1.8
2023,10,18,18,30,34.20666666666666,93.6,24.0,1003.7580000000004,8.774000000000001,10.239666666666668,14.374,12.169333333333334,10.376666666666663,10.03,1612.9333333333334,456.0,0.9,74.33333333333333,7.666666666666667,2.066666666666667
2023,10,18,19,0,32.91999999999998,91.26666666666667,26.2,1003.9739999999999,9.135666666666664,10.55833333333333,15.006666666666664,12.734999999999998,10.752,10.29,1681.2666666666667,475.7,0.6666666666666666,78.26666666666667,8.2,1.9666666666666666
2023,10,18,19,30,32.166666666666686,89.93333333333334,27.6,1004.0739999999998,9.118000000000002,10.715,15.666666666666664,13.015333333333334,10.952000000000004,10.596999999999996,1688.9,481.3333333333333,0.8333333333333334,82.36666666666666,9.5,2.433333333333333
2023,10,18,20,0,31.30666666666669,88.33333333333333,28.666666666666668,1004.1806666666669,9.344666666666665,10.868666666666666,16.336000000000002,13.287333333333331,11.116666666666665,10.791333333333334,1722.7,488.53333333333336,1.2333333333333334,83.83333333333333,9.933333333333334,3.0
2023,10,18,20,30,30.160000000000007,86.26666666666667,30.533333333333335,1004.4719999999999,10.315333333333335,11.723999999999998,17.968333333333337,14.809666666666665,11.827333333333334,11.102666666666664,1884.1666666666667,536.5333333333333,0.9666666666666667,93.3,11.6,2.7666666666666666
2023,10,18,21,0,30.0,86.0,31.0,1004.6999999999999,11.73642857142857,12.596785714285712,19.033571428571435,16.36357142857143,12.955714285714285,11.845714285714285,2087.6071428571427,596.7857142857143,1.1428571428571428,100.32142857142857,9.964285714285714,2.4285714285714284
2023,10,18,21,30,29.339999999999986,84.86666666666666,31.533333333333335,1004.9466666666665,12.125666666666666,13.010666666666662,20.173999999999992,17.098,13.442666666666668,12.671666666666663,2140.1,612.5333333333333,1.0666666666666667,105.16666666666667,11.9,2.6666666666666665
2023,10,18,22,0,28.69999999999999,83.66666666666667,32.733333333333334,1005.1166666666663,12.939666666666664,13.584333333333332,21.07133333333333,18.118333333333332,14.04366666666667,13.229333333333333,2274.633333333333,650.6,1.0666666666666667,111.16666666666667,11.166666666666666,2.7666666666666666
2023,10,18,22,30,27.886666666666653,82.2,33.8,1005.1706666666668,13.075333333333335,13.745666666666667,21.81733333333333,18.406333333333333,14.303999999999998,13.651333333333334,2309.0,661.3,1.0333333333333334,113.56666666666666,12.933333333333334,3.2666666666666666
2023,10,18,23,0,27.20000000000001,81.0,34.4,1005.25,13.225333333333337,14.089333333333334,22.461333333333343,19.017,14.654666666666666,13.988000000000001,2334.9,670.8333333333334,1.0,119.4,13.7,3.566666666666667
2023,10,18,23,30,27.20000000000001,81.0,34.6,1005.2306666666665,13.802,14.499666666666663,22.76633333333333,19.747333333333334,14.967666666666668,14.256999999999998,2434.0,697.7,0.7333333333333333,123.9,12.533333333333333,3.2
2023,10,19,0,0,26.89333333333334,80.4,35.06666666666667,1005.2426666666665,14.517,14.983666666666668,23.962333333333337,20.607666666666667,15.649666666666667,14.704,2537.9333333333334,729.4333333333333,1.0,127.9,13.333333333333334,3.5
2023,10,19,0,30,26.100000000000016,79.0,36.0,1005.356666666667,14.149000000000001,14.632333333333332,23.384333333333334,19.985000000000003,15.440666666666667,15.019333333333332,2482.5,710.8333333333334,0.9333333333333333,123.93333333333334,13.333333333333334,3.2666666666666666
2023,10,19,1,0,25.353333333333346,77.6,37.4,1005.5833333333336,13.536000000000001,14.184666666666667,22.749999999999996,19.185999999999996,14.918333333333331,14.793333333333335,2370.8333333333335,680.3666666666667,0.8,117.96666666666667,13.833333333333334,3.6333333333333333
2023,10,19,1,30,24.379999999999992,75.93333333333334,39.0,1005.7693333333333,13.446333333333335,14.180333333333333,22.52466666666667,19.179666666666666,14.625999999999998,14.368666666666668,2362.3,678.9666666666667,0.9,121.43333333333334,12.833333333333334,3.5
2023,10,19,2,0,24.133333333333322,75.46666666666667,39.0,1005.754,13.854999999999999,14.513333333333332,22.893333333333327,19.771999999999995,15.157333333333334,14.398333333333333,2430.866666666667,698.8333333333334,0.8666666666666667,124.56666666666666,13.0,2.6666666666666665
2023,10,19,2,30,24.439999999999987,76.06666666666666,38.13333333333333,1005.7246666666668,14.440333333333331,14.923666666666668,23.68366666666667,20.501666666666672,15.483000000000002,14.754333333333335,2527.1,723.1,0.5333333333333333,129.56666666666666,12.866666666666667,3.033333333333333
2023,10,19,3,0,25.0,77.0,38.0,1005.6519999999999,15.563666666666665,15.799,24.869666666666664,22.05933333333333,16.42233333333333,15.250666666666671,2690.633333333333,773.9666666666667,0.6333333333333333,137.6,12.733333333333333,2.7666666666666666
2023,10,19,3,30,24.393333333333327,75.93333333333334,38.86666666666667,1005.5319999999999,15.129000000000001,15.422,24.016666666666666,21.38666666666667,16.272666666666666,15.719,2615.766666666667,752.2,0.6,131.43333333333334,11.833333333333334,2.433333333333333
2023,10,19,4,0,23.459999999999997,74.26666666666667,39.86666666666667,1005.4833333333333,15.036333333333335,15.318666666666667,24.507333333333335,21.20633333333333,15.99933333333333,15.656999999999998,2601.266666666667,746.3666666666667,0.6666666666666666,131.53333333333333,13.366666666666667,3.2
2023,10,19,4,30,23.313333333333322,74.0,40.266666666666666,1005.5913333333335,16.037333333333336,16.298333333333332,26.582333333333345,22.949333333333335,17.184333333333335,15.860333333333333,2779.9333333333334,798.8333333333334,0.7666666666666667,144.53333333333333,15.166666666666666,3.6
2023,10,19,5,0,22.04,71.66666666666667,41.333333333333336,1005.744,16.900000000000002,17.026999999999997,28.046999999999993,24.24533333333333,17.400666666666663,16.394333333333332,2896.733333333333,838.0333333333333,0.5,153.96666666666667,16.333333333333332,3.3666666666666667
2023,10,19,5,30,21.660000000000004,70.93333333333334,41.8,1005.8980000000004,18.22566666666667,18.34166666666666,30.698333333333334,26.583999999999996,19.240333333333336,17.432666666666666,3168.0333333333333,914.2666666666667,0.6333333333333333,170.43333333333334,17.766666666666666,3.6
2023,10,19,6,0,21.660000000000004,70.93333333333334,42.0,1006.0139999999998,18.787,18.841333333333335,31.615333333333336,27.47166666666666,19.889999999999997,18.591999999999995,3248.1,940.3666666666667,0.7,176.33333333333334,17.7,3.933333333333333
2023,10,19,6,30,21.833333333333336,71.26666666666667,41.6,1006.2860000000001,18.494666666666667,18.453,30.433666666666664,26.781,19.547666666666665,18.881999999999998,3217.366666666667,926.7333333333333,0.6,169.6,15.966666666666667,3.533333333333333
2023,10,19,7,0,21.660000000000004,70.93333333333334,41.0,1006.4286666666668,18.028000000000002,17.99233333333333,29.447666666666667,25.963,19.013666666666662,18.66133333333333,3095.6,893.7333333333333,0.5333333333333333,164.63333333333333,15.566666666666666,3.2666666666666666
2023,10,19,7,30,21.46,70.6,41.0,1006.7013333333332,17.53533333333333,17.556666666666665,28.32766666666667,25.186,18.712,18.273666666666664,3001.8,866.0333333333333,0.6,157.16666666666666,15.0,2.966666666666667
2023,10,19,8,0,21.966666666666672,71.53333333333333,40.86666666666667,1007.0266666666666,18.161333333333335,18.132666666666662,29.95333333333333,26.211000000000002,18.873000000000005,18.03933333333333,3120.3,901.2,0.6,168.56666666666666,16.366666666666667,3.4
2023,10,19,8,30,23.146666666666658,73.66666666666667,38.93333333333333,1007.1560000000001,16.435333333333332,16.511,26.66533333333334,23.32733333333333,18.027666666666665,17.874000000000006,2829.9666666666667,814.6666666666666,0.4666666666666667,145.73333333333332,14.966666666666667,2.933333333333333
2023,10,19,9,0,24.499999999999986,76.13333333333334,36.4,1007.2673333333333,14.365333333333332,14.746666666666664,22.385000000000005,20.186,15.696666666666667,16.707666666666665,2509.266666666667,719.1666666666666,0.23333333333333334,125.2,10.633333333333333,2.1333333333333333
2023,10,19,9,30,25.58000000000001,78.0,35.666666666666664,1007.3193333333332,12.953666666666667,13.528999999999995,19.998,18.022,14.407333333333336,14.948999999999996,2290.0666666666666,655.3333333333334,0.43333333333333335,108.0,8.933333333333334,1.9666666666666666
2023,10,19,10,0,27.186666666666678,80.93333333333334,34.0,1007.3419999999999,12.321333333333337,12.929333333333336,19.113333333333333,16.954666666666665,13.442333333333332,13.745666666666668,2172.8333333333335,622.6,0.6,100.93333333333334,9.0,1.9666666666666666
2023,10,19,10,30,31.700000000000003,89.06666666666666,28.466666666666665,1007.2400000000004,13.15766666666667,13.559999999999999,20.868333333333336,18.07633333333333,13.967999999999996,13.316333333333336,2319.5,663.5333333333333,0.9,110.13333333333334,9.966666666666667,2.9
2023,10,19,11,0,35.05333333333333,95.06666666666666,23.4,1007.1586666666667,13.962666666666665,14.009333333333332,21.383000000000003,18.873000000000005,14.460666666666665,13.66166666666667,2436.766666666667,693.9,0.7,113.03333333333333,9.766666666666667,1.9666666666666666
2023,10,19,11,30,35.58000000000001,96.0,21.8,1007.0833333333335,18.06633333333333,17.589000000000002,28.463000000000005,25.245666666666672,17.425666666666668,14.872000000000002,3140.733333333333,899.6333333333333,0.5333333333333333,156.26666666666668,13.466666666666667,2.0
2023,10,19,12,0,33.57999999999999,92.46666666666667,24.6,1006.7366666666665,17.829,17.32633333333333,27.47566666666667,24.776333333333337,18.71733333333333,16.94666666666667,3059.3333333333335,876.7666666666667,0.5,152.03333333333333,12.1,2.033333333333333
2023,10,19,12,30,33.09999999999998,91.6,26.066666666666666,1006.2226666666668,19.042666666666666,18.475666666666665,30.134666666666664,26.822,19.128333333333334,18.136999999999997,3313.7,950.2,0.6333333333333333,164.86666666666667,14.5,2.2666666666666666
2023,10,19,13,0,33.91999999999998,93.06666666666666,25.6,1005.7520000000001,20.895666666666667,20.221666666666668,34.735666666666674,29.928,20.933666666666667,18.81833333333333,3745.9333333333334,1076.5666666666666,0.6333333333333333,193.0,17.5,2.3333333333333335
2023,10,19,13,30,34.57999999999999,94.26666666666667,24.2,1005.244,21.783333333333328,20.938666666666666,36.99466666666667,31.204333333333338,22.245666666666672,20.40866666666667,3951.2,1136.6,1.1333333333333333,199.0,18.966666666666665,3.2666666666666666
2023,10,19,14,0,37.566666666666684,99.6,20.4,1004.7726666666665,21.81933333333334,21.010333333333335,36.957999999999984,31.33266666666667,22.270333333333333,21.220333333333333,4030.3,1157.5666666666666,0.7333333333333333,204.43333333333334,18.566666666666666,2.6666666666666665
2023,10,19,14,30,42.77999999999999,109.0,15.0,1004.3973333333331,22.258,21.09766666666667,37.39833333333333,31.487666666666666,22.36633333333333,21.31766666666666,4236.9,1211.8,1.2,203.56666666666666,18.2,3.0
2023,10,19,15,0,43.88000000000001,111.0,13.466666666666667,1004.2226666666669,22.919333333333334,21.57833333333333,38.26333333333334,32.34233333333333,22.999333333333333,21.62133333333333,4509.933333333333,1282.6,0.9666666666666667,211.03333333333333,16.7,2.5
2023,10,19,15,30,44.24,111.66666666666667,13.8,1003.9040000000001,20.809333333333335,19.923666666666666,33.88400000000001,29.397666666666662,21.22466666666667,21.30733333333333,3960.7,1129.4,0.9,184.16666666666666,15.8,2.6333333333333333
2023,10,19,16,0,44.27999999999999,111.73333333333333,13.133333333333333,1003.6533333333336,22.930333333333333,21.53566666666667,38.41933333333332,32.26566666666667,22.49,20.98566666666666,4494.333333333333,1279.2,1.1,211.06666666666666,17.766666666666666,2.9
2023,10,19,16,30,43.919999999999995,111.06666666666666,13.666666666666666,1003.3493333333331,23.735000000000003,22.29566666666667,40.53733333333332,33.61933333333334,23.597666666666665,21.719666666666665,4738.833333333333,1348.4,1.0333333333333334,222.63333333333333,18.866666666666667,2.966666666666667
2023,10,19,17,0,41.820000000000014,107.26666666666667,16.066666666666666,1003.2773333333329,24.598333333333333,23.131000000000007,43.445,35.10533333333333,24.460333333333335,22.76366666666667,4972.133333333333,1418.9666666666667,1.5666666666666667,243.06666666666666,21.5,3.933333333333333
2023,10,19,17,30,38.986666666666665,102.2,18.0,1003.1140000000004,24.965666666666667,23.566999999999997,44.017,35.88133333333333,24.985999999999997,23.43433333333334,4954.933333333333,1419.2666666666667,1.1,250.86666666666667,22.4,3.3
2023,10,19,18,0,36.42000000000002,97.53333333333333,21.666666666666668,1003.1626666666664,25.122666666666664,23.82033333333333,45.15266666666667,36.33166666666667,25.28366666666666,23.912666666666663,4926.6,1416.1,1.7,256.56666666666666,24.033333333333335,3.9
2023,10,19,18,30,34.68666666666666,94.46666666666667,24.466666666666665,1003.1033333333338,25.15133333333334,24.02199999999999,46.069,36.690000000000005,25.661999999999992,24.271333333333338,4900.733333333334,1409.8,1.7666666666666666,259.9,26.833333333333332,4.533333333333333
2023,10,19,19,0,33.706666666666656,92.66666666666667,26.4,1003.2353333333334,25.042999999999996,23.959333333333333,46.68399999999999,36.58,25.56066666666667,24.42033333333333,4886.3,1406.2666666666667,1.8333333333333333,260.3333333333333,29.233333333333334,6.4
2023,10,19,19,30,32.793333333333315,91.0,27.466666666666665,1003.27,25.36766666666667,24.190999999999995,46.82799999999998,36.991,25.504333333333328,24.351333333333336,4942.466666666666,1426.7,1.4666666666666666,264.5,27.866666666666667,6.566666666666666
2023,10,19,20,0,32.100000000000016,89.8,28.066666666666666,1003.3046666666665,26.893333333333334,25.643333333333334,50.02866666666668,39.574999999999996,27.304999999999996,24.990999999999996,5444.666666666667,1575.0333333333333,1.6,296.6333333333333,29.266666666666666,7.0
2023,10,19,20,30,31.420000000000023,88.53333333333333,29.266666666666666,1003.3440000000003,28.143666666666668,26.70166666666667,52.786333333333346,41.457,28.35233333333333,26.159666666666666,5857.333333333333,1696.6666666666667,1.4333333333333333,321.4,32.93333333333333,7.7
2023,10,19,21,0,30.633333333333347,87.06666666666666,30.133333333333333,1003.4906666666665,29.759,28.161000000000005,56.35933333333333,44.05433333333334,29.873666666666665,27.385999999999992,6440.833333333333,1866.2333333333333,1.8,359.3666666666667,36.7,8.466666666666667
2023,10,19,21,30,29.546666666666663,85.2,32.13333333333333,1003.8246666666669,28.382999999999996,26.93966666666667,53.44133333333334,41.87933333333333,28.833333333333325,27.909666666666663,5886.466666666666,1708.5,1.7666666666666666,331.2,33.266666666666666,8.2
2023,10,19,22,0,28.779999999999983,83.8,33.93333333333333,1003.8846666666665,28.334999999999997,26.969999999999995,53.56233333333334,41.935333333333325,28.947666666666667,27.703333333333333,5892.366666666667,1712.5666666666666,1.3666666666666667,333.3333333333333,35.233333333333334,7.666666666666667
2023,10,19,22,30,28.29999999999999,83.0,33.46666666666667,1003.924666666667,29.863666666666663,28.289666666666665,56.868,44.284000000000006,29.854,27.804333333333332,6463.366666666667,1880.3333333333333,1.6,367.3333333333333,37.733333333333334,8.833333333333334
2023,10,19,23,0,28.166666666666654,82.73333333333333,32.333333333333336,1004.1153333333334,31.512999999999995,29.866666666666667,61.37966666666666,47.08966666666666,31.59833333333334,28.86066666666666,7148.6,2082.766666666667,2.7666666666666666,415.8333333333333,45.6,11.6
2023,10,19,23,30,27.79999999999999,82.0,32.93333333333333,1004.1786666666668,31.930666666666664,30.091666666666672,61.17066666666667,47.488333333333344,32.38033333333334,30.15966666666667,7300.333333333333,2126.633333333333,1.9,416.26666666666665,43.03333333333333,9.333333333333334
2023,10,20,0,0,27.44,81.4,33.0,1004.2106666666667,32.397666666666666,30.449666666666662,62.147000000000006,48.126333333333335,32.549666666666674,30.77766666666667,7457.0,2176.133333333333,1.8,427.6666666666667,43.333333333333336,9.6
2023,10,20,0,30,26.086666666666687,78.93333333333334,34.333333333333336,1004.2953333333332,31.004999999999992,29.383666666666663,59.45966666666667,46.22966666666667,31.920666666666673,30.714,6888.733333333334,2012.2333333333333,1.7,399.93333333333334,40.2,9.066666666666666
2023,10,20,1,0,25.080000000000002,77.13333333333334,36.0,1004.2146666666665,29.59533333333333,28.322333333333333,56.681666666666665,44.34033333333334,30.401333333333323,29.905333333333335,6388.533333333334,1860.7666666666667,1.4666666666666666,368.8666666666667,38.36666666666667,8.4
2023,10,20,1,30,25.0,77.0,36.666666666666664,1004.1806666666665,28.24866666666667,26.935333333333336,53.492666666666665,41.87366666666665,29.203333333333337,28.672666666666668,5859.5,1704.4333333333334,1.3,332.1666666666667,34.93333333333333,8.333333333333334
2023,10,20,2,0,24.959999999999997,76.93333333333334,36.8,1004.3153333333329,27.62933333333334,26.43933333333333,52.13899999999999,40.99066666666668,28.29,27.610666666666663,5658.633333333333,1643.5,0.9666666666666667,321.6333333333333,33.333333333333336,7.3
2023,10,20,2,30,24.479999999999986,76.13333333333334,37.53333333333333,1004.2733333333337,27.177666666666667,26.121333333333336,50.967333333333315,40.426,27.944666666666674,26.893000000000004,5529.6,1605.3666666666666,1.1,312.96666666666664,31.733333333333334,6.433333333333334
2023,10,20,3,0,25.12,77.2,36.666666666666664,1003.9260000000002,27.61866666666667,26.435999999999996,51.74566666666668,40.98566666666667,28.25333333333333,26.772333333333343,5662.266666666666,1644.0333333333333,1.1333333333333333,315.6,32.2,6.833333333333333
2023,10,20,3,30,25.600000000000012,78.0,36.0,1003.8093333333331,26.649666666666665,25.572666666666674,50.114000000000004,39.44866666666667,27.49333333333333,26.60033333333333,5352.966666666666,1556.9666666666667,1.0666666666666667,300.9,31.166666666666668,7.333333333333333
2023,10,20,4,0,25.013333333333343,77.0,37.0,1003.8466666666667,26.948999999999998,25.966666666666665,50.735666666666674,40.15066666666666,27.49766666666667,26.288666666666664,5459.866666666667,1584.8,1.3333333333333333,308.73333333333335,31.633333333333333,6.666666666666667
2023,10,20,4,30,24.399999999999988,76.0,37.53333333333333,1003.9860000000001,27.579,26.439999999999998,51.906,40.99266666666666,28.331000000000007,26.481333333333332,5622.2,1634.0333333333333,1.1333333333333333,320.0,33.56666666666667,7.166666666666667
2023,10,20,5,0,24.29999999999999,75.8,39.53333333333333,1004.0833333333331,27.305666666666664,26.188333333333333,51.36366666666667,40.54666666666667,27.93866666666666,26.76733333333333,5569.0,1615.5666666666666,1.0333333333333334,317.1,31.566666666666666,7.266666666666667
2023,10,20,5,30,24.099999999999987,75.4,39.0,1004.31,27.099999999999998,26.03766666666666,50.90333333333332,40.278000000000006,28.116,26.753666666666664,5523.766666666666,1603.2,1.1666666666666667,312.93333333333334,31.533333333333335,6.866666666666666
2023,10,20,6,0,24.839999999999993,76.73333333333333,36.8,1004.342,24.201999999999998,23.44933333333334,44.562999999999995,35.669999999999995,25.419333333333338,25.852000000000007,4621.366666666667,1339.2333333333333,1.0333333333333334,254.53333333333333,26.0,5.633333333333334
2023,10,20,6,30,25.0,77.0,36.13333333333333,1004.3713333333336,24.20733333333333,23.458666666666662,44.73966666666666,35.686666666666675,24.833000000000006,24.335,4625.733333333334,1339.2,1.0333333333333334,256.6333333333333,26.333333333333332,6.033333333333333
2023,10,20,7,0,24.75999999999999,76.6,37.0,1004.4980000000004,24.466666666666676,23.729000000000003,45.38166666666667,36.168666666666674,25.404000000000003,23.96,4691.8,1361.1666666666667,0.9333333333333333,261.56666666666666,27.333333333333332,6.233333333333333
2023,10,20,7,30,24.59999999999999,76.33333333333333,37.733333333333334,1004.621333333333,23.837333333333333,23.18066666666667,44.537666666666674,35.19166666666667,24.752333333333336,23.968,4513.4,1309.7333333333333,1.3333333333333333,253.96666666666667,26.666666666666668,7.033333333333333
2023,10,20,8,0,24.399999999999988,76.0,40.0,1004.9586666666669,24.967000000000002,24.298000000000005,47.192666666666675,37.18033333333333,25.485999999999997,23.906,4855.8,1406.1,1.6333333333333333,276.6666666666667,29.8,7.5
2023,10,20,8,30,24.79999999999999,76.66666666666667,40.333333333333336,1005.3199999999997,25.873333333333328,25.310000000000006,50.478,38.98166666666666,26.949666666666666,24.753333333333334,5162.766666666666,1499.1333333333334,2.3,302.73333333333335,35.43333333333333,9.366666666666667
2023,10,20,9,0,26.273333333333344,79.26666666666667,38.8,1005.4573333333335,25.568333333333328,24.670666666666666,47.82599999999999,37.844000000000015,26.65766666666666,25.509333333333338,5012.966666666666,1456.0333333333333,1.5,280.43333333333334,29.066666666666666,7.1
2023,10,20,9,30,27.773333333333348,82.0,33.6,1005.5066666666667,22.930999999999997,22.226333333333333,40.99633333333335,33.495,24.171666666666667,24.645333333333333,4254.133333333333,1234.4333333333334,0.9333333333333333,231.46666666666667,22.766666666666666,5.1
2023,10,20,10,0,29.213333333333313,84.6,30.133333333333333,1005.5486666666667,20.566666666666666,20.227333333333338,35.08233333333333,29.936999999999994,21.630333333333336,22.496333333333332,3648.6,1053.8333333333333,0.7,194.03333333333333,19.2,4.3
2023,10,20,10,30,33.406666666666666,92.13333333333334,26.666666666666668,1005.5366666666667,21.258999999999993,20.628,36.73800000000001,30.651666666666674,21.875333333333337,21.047333333333334,3848.9666666666667,1108.5666666666666,0.9333333333333333,200.53333333333333,19.866666666666667,4.666666666666667
2023,10,20,11,0,37.146666666666675,98.86666666666666,22.0,1005.3366666666666,21.277,20.50733333333333,36.58533333333333,30.43599999999999,21.76233333333334,20.826333333333334,3843.6666666666665,1104.5333333333333,1.2,196.8,20.033333333333335,4.433333333333334
2023,10,20,11,30,38.73333333333331,101.73333333333333,20.533333333333335,1005.1060000000002,22.109666666666662,21.276666666666667,38.730666666666664,31.805333333333326,22.343,21.049666666666663,4150.533333333334,1188.1333333333334,1.7333333333333334,209.26666666666668,20.9,4.033333333333333
2023,10,20,12,0,36.300000000000026,97.33333333333333,22.4,1004.8933333333334,25.398000000000003,24.26166666666666,46.23300000000001,37.114999999999995,24.99399999999999,22.15866666666667,5052.233333333334,1455.0666666666666,1.4,266.56666666666666,25.866666666666667,4.5
2023,10,20,12,30,35.0,95.0,23.066666666666666,1004.3953333333333,26.57166666666666,25.30233333333333,49.26766666666668,38.967666666666666,27.19900000000001,24.37633333333334,5322.966666666666,1536.0333333333333,1.4666666666666666,288.23333333333335,28.866666666666667,6.966666666666667
2023,10,20,13,0,35.28000000000001,95.46666666666667,23.066666666666666,1003.7766666666665,22.846666666666657,21.92933333333333,40.769999999999996,32.967,24.028000000000002,24.737,4233.8,1216.2333333333333,1.2333333333333334,221.66666666666666,23.0,5.666666666666667
2023,10,20,13,30,36.13333333333333,97.0,22.466666666666665,1003.2740000000001,22.513666666666662,21.580000000000002,39.543,32.34566666666666,22.971999999999994,22.953000000000007,4156.1,1192.5666666666666,1.2,212.86666666666667,21.3,4.966666666666667
2023,10,20,14,0,40.099999999999994,104.2,18.4,1002.820666666667,20.840666666666664,20.01066666666667,35.00866666666666,29.552333333333326,21.67866666666667,21.584666666666667,3829.0333333333333,1095.0,1.1333333333333333,188.46666666666667,18.3,3.6
2023,10,20,14,30,46.273333333333326,115.26666666666667,12.933333333333334,1002.4586666666668,19.533333333333328,18.692666666666675,30.959666666666674,27.208666666666662,19.991666666666667,20.327999999999996,3675.5333333333333,1042.0666666666666,0.8333333333333334,170.13333333333333,14.4,2.8666666666666667
2023,10,20,15,0,47.95333333333331,118.33333333333333,11.2,1002.171333333333,19.174666666666667,18.096333333333337,29.93266666666667,26.147,19.11766666666667,19.025999999999996,3644.366666666667,1030.9333333333334,1.0,161.23333333333332,13.7,2.4
2023,10,20,15,30,48.02666666666665,118.46666666666667,11.066666666666666,1002.0253333333332,19.35566666666666,18.148333333333337,30.235333333333326,26.240666666666673,19.298999999999996,18.529666666666667,3680.5666666666666,1039.1666666666667,1.0333333333333334,161.76666666666668,13.6,2.7333333333333334
2023,10,20,16,0,48.09999999999998,118.6,10.466666666666667,1001.7586666666666,18.048333333333332,17.135,27.211333333333332,24.437333333333335,18.20266666666667,18.131000000000004,3395.233333333333,955.8666666666667,0.7666666666666667,148.93333333333334,11.466666666666667,2.033333333333333
2023,10,20,16,30,47.01333333333332,116.6,10.933333333333334,1001.4973333333334,17.326333333333334,16.695333333333334,26.962,23.65533333333333,17.91033333333333,17.546666666666663,3278.1666666666665,922.2,0.9666666666666667,146.66666666666666,12.433333333333334,2.566666666666667
2023,10,20,17,0,43.726666666666674,110.73333333333333,11.933333333333334,1001.2813333333336,15.935000000000004,15.148333333333335,23.312999999999995,20.902666666666672,15.779333333333335,16.482333333333333,2840.9666666666667,804.4666666666667,0.5666666666666667,125.86666666666666,9.5,2.1
2023,10,20,17,30,41.046666666666695,105.86666666666666,15.333333333333334,1001.1093333333332,17.989333333333335,17.147333333333336,27.073666666666668,24.458666666666662,17.671,16.127,3179.5333333333333,904.6666666666666,0.8,148.4,10.9,2.2
2023,10,20,18,0,37.51333333333333,99.53333333333333,18.066666666666666,1001.1540000000001,17.32433333333334,16.735333333333333,26.412999999999997,23.725,17.8,16.891333333333332,3026.3333333333335,864.1,0.7,144.6,11.2,2.1333333333333333
2023,10,20,18,30,34.51333333333333,94.13333333333334,24.666666666666668,1001.2920000000001,20.139,19.472333333333335,34.02133333333333,28.593333333333327,19.786999999999992,17.78766666666667,3552.9666666666667,1021.3,1.2,182.6,18.233333333333334,4.7
2023,10,20,19,0,32.95333333333331,91.33333333333333,28.533333333333335,1001.4200000000001,21.56166666666666,20.890333333333334,37.675999999999995,31.117666666666665,21.995666666666658,19.48166666666667,3876.6,1114.5333333333333,1.2333333333333334,202.8,20.566666666666666,5.866666666666666
2023,10,20,19,30,31.26666666666669,88.26666666666667,31.666666666666668,1001.5353333333335,22.018000000000004,21.293,38.829,31.834666666666674,22.503666666666664,21.098,4010.0,1157.0,1.3666666666666667,209.26666666666668,20.866666666666667,5.7
2023,10,20,20,0,29.8,85.66666666666667,35.0,1001.5726666666665,22.509333333333334,21.79833333333334,40.06033333333333,32.733666666666664,23.09166666666666,21.692999999999994,4114.6,1190.3666666666666,1.5,219.46666666666667,21.8,5.7
2023,10,20,20,30,28.619999999999994,83.53333333333333,37.333333333333336,1001.729333333333,21.93266666666667,21.401666666666664,39.62666666666667,32.02933333333333,22.864333333333335,21.97166666666666,3975.1,1149.5333333333333,1.6,215.73333333333332,23.233333333333334,6.4
2023,10,20,21,0,27.75333333333332,81.93333333333334,38.666666666666664,1001.8593333333334,20.670333333333335,20.363999999999994,36.66700000000001,30.180999999999997,21.93233333333334,21.63166666666667,3655.9666666666667,1056.9,1.4666666666666666,198.66666666666666,21.5,5.833333333333333
2023,10,20,21,30,27.073333333333338,80.73333333333333,39.733333333333334,1002.0539999999999,18.253333333333334,18.216333333333335,30.796000000000003,26.36133333333333,19.84133333333334,20.428333333333335,3145.9,908.5,0.9333333333333333,169.96666666666667,17.633333333333333,3.966666666666667
2023,10,20,22,0,26.346666666666685,79.4,40.4,1002.1726666666661,14.509000000000002,15.028999999999996,24.14333333333333,20.691333333333333,16.424333333333337,18.110666666666663,2506.5333333333333,723.4333333333333,0.8,131.46666666666667,13.833333333333334,3.1333333333333333
2023,10,20,22,30,25.480000000000015,77.8,41.06666666666667,1002.1499999999999,12.366000000000001,13.235333333333331,20.317333333333334,17.49866666666667,14.07633333333333,15.377333333333334,2160.2,623.5666666666667,0.7,112.6,10.4,2.8666666666666667
2023,10,20,23,0,24.92,76.86666666666666,41.93333333333333,1002.1253333333334,11.257999999999997,12.491333333333333,18.638666666666666,16.174,13.099333333333336,13.530000000000001,1992.8333333333333,574.9666666666667,0.6333333333333333,104.36666666666666,10.3,2.3333333333333335
2023,10,20,23,30,24.33999999999999,75.86666666666666,42.666666666666664,1002.0713333333337,10.358333333333333,11.733666666666666,16.849,14.827000000000004,12.24633333333333,12.557,1843.1333333333334,531.9,0.4,96.26666666666667,8.333333333333334,1.9
2023,10,21,0,0,23.433333333333334,74.2,44.86666666666667,1002.2133333333334,11.48333333333333,12.766666666666662,18.986333333333334,16.662999999999997,12.939333333333336,12.235999999999999,2027.2,584.1333333333333,0.5666666666666667,109.03333333333333,10.0,2.3333333333333335
2023,10,21,0,30,22.759999999999994,72.93333333333334,46.53333333333333,1002.2986666666663,10.564666666666666,11.893333333333333,16.74833333333333,15.10933333333333,12.671999999999997,12.433666666666666,1860.9333333333334,537.1333333333333,0.36666666666666664,98.8,7.366666666666666,1.5333333333333334
2023,10,21,1,0,22.133333333333336,71.86666666666666,47.8,1002.3060000000003,9.638666666666666,9.889999999999999,15.358666666666666,13.850999999999999,10.74033333333333,11.77566666666667,1705.9,492.3,0.2,89.16666666666667,7.3,1.4333333333333333
2023,10,21,1,30,21.76666666666667,71.13333333333334,48.666666666666664,1002.4746666666664,9.167333333333335,9.464333333333332,14.618666666666666,13.274333333333335,10.055666666666665,10.360333333333335,1660.2,477.06666666666666,0.2,86.16666666666667,6.5,1.2
2023,10,21,2,0,21.30000000000001,70.33333333333333,49.53333333333333,1002.586,8.522333333333332,8.825666666666667,13.437333333333331,12.169,9.445333333333334,9.532000000000002,1536.6333333333334,443.0,0.23333333333333334,78.66666666666667,6.066666666666666,1.2333333333333334
2023,10,21,2,30,21.066666666666677,69.93333333333334,50.13333333333333,1002.7666666666664,7.694,8.130666666666665,12.146999999999997,10.965666666666667,8.600000000000001,8.902666666666667,1396.4666666666667,403.8,0.2,73.23333333333333,5.166666666666667,0.8666666666666667
2023,10,21,3,0,20.70000000000001,69.2,51.46666666666667,1002.7033333333335,7.528000000000001,8.090333333333332,12.210666666666667,10.897,8.482333333333333,8.372333333333332,1372.3,398.1666666666667,0.26666666666666666,73.56666666666666,5.833333333333333,1.1
2023,10,21,3,30,20.0,68.0,52.93333333333333,1002.5599999999996,6.969666666666668,7.593000000000001,11.358000000000002,10.03433333333333,8.004,8.059999999999999,1291.7666666666667,371.1333333333333,0.2,67.03333333333333,5.4,1.0
2023,10,21,4,0,19.479999999999993,67.13333333333334,54.0,1002.2833333333333,6.683999999999999,7.3679999999999986,11.239666666666663,9.645666666666667,7.720666666666667,7.7433333333333305,1227.9,355.73333333333335,0.4666666666666667,66.1,5.766666666666667,1.5
2023,10,21,4,30,19.399999999999988,67.0,54.93333333333333,1002.3406666666664,6.265666666666667,6.969333333333334,10.262666666666664,8.955,7.296333333333334,7.387333333333332,1174.5333333333333,337.8666666666667,0.4,59.4,4.633333333333334,1.0666666666666667
2023,10,21,5,0,19.133333333333322,66.46666666666667,55.0,1002.474666666667,5.609333333333333,6.480666666666665,9.225666666666665,8.111333333333333,6.820333333333332,6.987333333333335,1069.4333333333334,307.76666666666665,0.2,55.13333333333333,4.433333333333334,0.8333333333333334
2023,10,21,5,30,18.899999999999988,66.0,55.06666666666667,1002.3426666666668,4.986666666666667,5.867999999999999,8.046333333333333,7.048000000000002,6.142666666666669,6.473666666666666,965.5666666666667,277.73333333333335,0.3,46.13333333333333,3.3333333333333335,0.8666666666666667
2023,10,21,6,0,18.859999999999992,65.93333333333334,55.333333333333336,1002.6059999999999,4.681333333333334,5.691,7.8096666666666685,6.743,5.826000000000001,5.984,931.4666666666667,267.26666666666665,0.23333333333333334,44.86666666666667,3.466666666666667,0.9
2023,10,21,6,30,18.74,65.73333333333333,55.266666666666666,1002.6406666666666,4.500333333333334,5.583,7.5169999999999995,6.556666666666666,5.742333333333335,5.739333333333333,894.4,256.0,0.23333333333333334,42.9,3.7333333333333334,0.6666666666666666
2023,10,21,7,0,18.899999999999988,66.0,54.93333333333333,1002.754,4.194,5.262333333333333,6.783666666666667,6.002000000000001,5.417333333333334,5.547000000000001,846.6,243.96666666666667,0.16666666666666666,39.63333333333333,2.8666666666666667,0.4666666666666667
2023,10,21,7,30,18.899999999999988,66.0,54.733333333333334,1002.9913333333332,4.070666666666667,5.189333333333333,6.8016666666666685,5.874666666666668,5.302666666666667,5.326666666666667,825.2333333333333,235.83333333333334,0.13333333333333333,39.233333333333334,3.3666666666666667,0.6333333333333333
2023,10,21,8,0,18.899999999999988,66.0,54.53333333333333,1003.2293333333332,3.7083333333333335,4.908666666666665,6.55,5.389333333333334,5.035666666666667,5.151333333333334,778.5333333333333,223.43333333333334,0.3,36.833333333333336,3.6666666666666665,0.9
2023,10,21,8,30,19.166666666666654,66.53333333333333,53.53333333333333,1003.6333333333334,3.618666666666667,4.853666666666669,6.284666666666668,5.294333333333333,4.899,4.971666666666668,764.1,217.96666666666667,0.13333333333333333,35.43333333333333,3.3,0.8333333333333334
2023,10,21,9,0,19.559999999999988,67.26666666666667,52.4,1003.8913333333335,3.508000000000001,4.809000000000001,6.277333333333333,5.214333333333333,4.911,4.876999999999998,749.5333333333333,214.73333333333332,0.26666666666666666,35.733333333333334,4.033333333333333,0.8
2023,10,21,9,30,20.400000000000002,68.66666666666667,49.6,1004.0566666666666,3.579333333333333,4.9719999999999995,6.870333333333336,5.499333333333335,4.901333333333333,4.8503333333333325,774.6,221.9,0.26666666666666666,37.53333333333333,4.9,1.3333333333333333
2023,10,21,10,0,21.78666666666667,71.2,45.93333333333333,1004.0686666666669,4.437666666666667,5.614000000000002,7.791666666666668,6.608000000000001,5.569333333333334,5.071,910.3333333333334,260.8333333333333,0.26666666666666666,43.93333333333333,4.6,1.1666666666666667
2023,10,21,10,30,24.999999999999993,77.0,39.13333333333333,1003.7313333333329,5.0729999999999995,6.067000000000001,8.927666666666665,7.3936666666666655,6.183999999999999,5.619666666666666,1025.8666666666666,293.43333333333334,0.4666666666666667,50.4,5.0,1.5666666666666667
2023,10,21,11,0,27.300000000000015,81.13333333333334,34.06666666666667,1003.5853333333329,5.935666666666667,6.75,9.755333333333335,8.576333333333332,6.800333333333332,6.213,1149.4666666666667,329.4,0.13333333333333333,55.4,4.733333333333333,1.1
2023,10,21,11,30,28.766666666666644,83.8,31.333333333333332,1003.2259999999998,7.501666666666667,7.866333333333334,11.894666666666666,10.508333333333335,7.873333333333332,6.934333333333333,1376.7666666666667,395.2,0.3333333333333333,66.0,5.766666666666667,1.1
2023,10,21,12,0,27.953333333333322,82.33333333333333,32.733333333333334,1003.0600000000001,8.587666666666667,8.759000000000002,13.736666666666663,12.054333333333329,8.950333333333335,7.901000000000001,1544.5333333333333,443.73333333333335,0.26666666666666666,75.93333333333334,6.933333333333334,1.5
2023,10,21,12,30,27.14000000000001,80.86666666666666,34.06666666666667,1002.6333333333333,9.573333333333334,9.629000000000001,15.653,13.558666666666666,9.903666666666668,8.899333333333335,1736.6666666666667,498.4,0.6333333333333333,87.33333333333333,8.033333333333333,2.033333333333333
2023,10,21,13,0,27.480000000000015,81.46666666666667,33.6,1002.1780000000005,11.422333333333333,11.098,18.305999999999997,16.101333333333333,11.452,9.999333333333336,2039.0333333333333,584.3333333333334,0.3333333333333333,102.36666666666666,8.933333333333334,2.033333333333333
2023,10,21,13,30,28.09333333333333,82.6,32.6,1001.8213333333335,11.313000000000004,11.062666666666667,18.364333333333335,16.039999999999996,11.863999999999999,11.047666666666668,2001.0333333333333,576.1666666666666,0.4,101.9,9.5,2.466666666666667
2023,10,21,14,0,30.99333333333333,87.8,28.8,1001.266,10.313333333333334,10.187333333333331,16.01833333333333,14.524333333333333,10.943000000000003,11.061333333333334,1841.1333333333334,529.2,0.26666666666666666,90.43333333333334,7.066666666666666,1.3666666666666667
2023,10,21,14,30,34.15999999999998,93.53333333333333,23.933333333333334,1000.992,8.787333333333333,8.813666666666661,13.81466666666667,12.147999999999998,9.481333333333335,10.074999999999998,1593.8,455.43333333333334,0.36666666666666664,76.4,6.5,1.2666666666666666
2023,10,21,15,0,34.72666666666667,94.53333333333333,23.533333333333335,1001.0593333333333,7.689333333333333,7.981999999999998,12.055666666666667,10.710666666666668,8.591333333333335,9.056,1428.9,406.8333333333333,0.3333333333333333,66.66666666666667,5.2,1.2666666666666666
2023,10,21,15,30,32.19333333333333,89.93333333333334,26.333333333333332,1001.0759999999996,6.138999999999999,6.687333333333332,9.845666666666666,8.469333333333333,7.178999999999999,7.940666666666667,1162.3666666666666,332.06666666666666,0.13333333333333333,53.63333333333333,4.4,1.0333333333333334
2023,10,21,16,0,32.99999999999998,91.4,25.8,1000.9579999999997,5.094666666666668,5.912333333333334,8.495333333333333,7.127333333333332,6.1850000000000005,6.798666666666667,997.3666666666667,285.53333333333336,0.5333333333333333,46.53333333333333,4.2,1.3333333333333333
2023,10,21,16,30,31.926666666666662,89.46666666666667,26.933333333333334,1000.9913333333332,4.854,5.7669999999999995,8.230333333333334,6.8740000000000006,5.915333333333333,6.055333333333334,965.4666666666667,274.46666666666664,0.43333333333333335,44.46666666666667,4.366666666666666,1.1666666666666667
2023,10,21,17,0,31.306666666666683,88.33333333333333,28.066666666666666,1000.8186666666663,4.783333333333333,5.710000000000003,8.112,6.774,5.863333333333333,5.8073333333333315,960.0333333333333,271.76666666666665,0.43333333333333335,43.2,4.4,1.1666666666666667
2023,10,21,17,30,28.75333333333333,83.8,32.46666666666667,1000.8586666666666,4.329666666666667,5.448999999999999,7.507,6.326,5.622999999999998,5.692666666666667,896.2666666666667,253.9,0.26666666666666666,42.266666666666666,4.266666666666667,1.1
2023,10,21,18,0,27.559999999999985,81.6,35.0,1000.9946666666666,4.0566666666666675,5.169666666666667,6.905,5.839333333333333,5.300666666666667,5.457,848.2333333333333,242.36666666666667,0.3,37.96666666666667,3.3666666666666667,1.0333333333333334
2023,10,21,18,30,26.346666666666685,79.4,37.266666666666666,1001.0380000000002,3.837333333333333,4.975666666666666,6.594666666666667,5.505666666666666,5.074666666666666,5.201333333333333,802.9333333333333,229.2,0.3,36.46666666666667,3.433333333333333,0.9333333333333333
2023,10,21,19,0,25.280000000000012,77.46666666666667,39.46666666666667,1001.1346666666664,3.779666666666666,4.974666666666668,6.541666666666666,5.503666666666665,5.091333333333334,5.054666666666666,795.7,228.53333333333333,0.2,36.666666666666664,3.8666666666666667,0.8
2023,10,21,19,30,24.453333333333326,76.06666666666666,41.2,1001.2053333333336,4.216,5.321333333333331,7.419666666666668,6.102666666666667,5.248333333333333,5.058000000000001,857.9333333333333,245.0,0.3,40.9,4.366666666666666,0.8666666666666667
2023,10,21,20,0,23.619999999999994,74.53333333333333,42.53333333333333,1001.3533333333332,4.843333333333334,5.798666666666665,8.293666666666667,6.929000000000001,5.861000000000001,5.377999999999999,973.4666666666667,277.1333333333333,0.26666666666666666,45.2,4.5,1.3
2023,10,21,20,30,22.553333333333324,72.6,44.86666666666667,1001.5733333333338,4.672000000000001,5.783666666666666,8.372333333333334,6.904333333333332,5.987,5.755666666666667,947.3666666666667,269.1,0.3,46.53333333333333,5.2,1.3
2023,10,21,21,0,21.933333333333337,71.46666666666667,46.733333333333334,1001.7553333333329,4.357,5.413333333333335,7.233666666666665,6.262,5.577,5.733000000000001,890.4,254.53333333333333,0.3333333333333333,40.7,3.7333333333333334,0.9333333333333333
2023,10,21,21,30,21.700000000000003,71.0,48.0,1001.9,4.3839999999999995,5.453000000000001,7.784666666666669,6.330333333333333,5.5906666666666665,5.547999999999999,893.2333333333333,255.8,0.36666666666666664,42.86666666666667,4.433333333333334,1.4
2023,10,21,22,0,21.380000000000006,70.46666666666667,48.46666666666667,1002.2246666666665,4.022000000000001,5.102666666666667,6.588666666666667,5.723666666666667,5.247333333333333,5.376666666666667,819.0666666666667,235.16666666666666,0.13333333333333333,36.833333333333336,2.966666666666667,0.7
2023,10,21,22,30,20.833333333333346,69.46666666666667,49.8,1002.5653333333333,3.619666666666666,4.758,6.011333333333334,5.129333333333333,4.877666666666668,5.105666666666666,750.7,215.36666666666667,0.1,34.13333333333333,2.7333333333333334,0.6333333333333333
2023,10,21,23,0,20.56000000000001,68.93333333333334,50.53333333333333,1002.6760000000003,3.369,4.5873333333333335,5.533666666666668,4.830666666666667,4.6273333333333335,4.7893333333333326,728.8333333333334,206.96666666666667,0.0,32.0,2.6666666666666665,0.36666666666666664
2023,10,21,23,30,20.400000000000013,68.66666666666667,51.13333333333333,1002.8793333333331,3.47,4.671333333333333,5.750000000000001,4.977,4.71,4.658666666666667,733.9333333333333,209.86666666666667,0.16666666666666666,33.4,2.566666666666667,0.6
2023,10,22,0,0,19.88,67.8,51.666666666666664,1002.8613333333334,3.399,4.645666666666667,5.886666666666666,4.934333333333332,4.674333333333334,4.655666666666667,732.0666666666667,209.16666666666666,0.36666666666666664,33.666666666666664,3.0,0.8333333333333334
2023,10,22,0,30,19.29999999999999,66.8,52.666666666666664,1003.0906666666668,3.6520000000000006,4.890000000000001,6.175,5.356000000000001,4.843333333333334,4.707333333333333,769.3666666666667,219.7,0.23333333333333334,36.733333333333334,2.966666666666667,0.5666666666666667
2023,10,22,1,0,19.233333333333324,66.66666666666667,52.93333333333333,1003.0813333333333,3.659666666666667,4.543333333333334,6.206000000000002,5.283999999999998,4.8149999999999995,4.795,762.4666666666667,219.56666666666666,0.2,36.166666666666664,3.2,0.6333333333333333
2023,10,22,1,30,19.03333333333332,66.26666666666667,53.266666666666666,1003.0593333333338,3.7013333333333334,4.5646666666666675,6.230333333333333,5.357333333333335,4.5906666666666665,4.660000000000001,771.6333333333333,221.56666666666666,0.06666666666666667,36.46666666666667,3.2666666666666666,0.6333333333333333
2023,10,22,2,0,18.899999999999988,66.0,53.0,1003.0793333333332,3.8516666666666675,4.642,6.378333333333333,5.489666666666665,4.714333333333333,4.563666666666666,795.9,227.46666666666667,0.16666666666666666,36.266666666666666,2.8666666666666667,0.7
2023,10,22,2,30,18.57999999999999,65.46666666666667,53.666666666666664,1002.9653333333339,4.405,4.894,6.756666666666665,5.916,4.967666666666667,4.714666666666668,872.6,248.9,0.03333333333333333,37.43333333333333,2.6,0.5
2023,10,22,3,0,18.300000000000004,65.0,55.333333333333336,1002.945333333333,4.513333333333333,5.183333333333333,7.181333333333334,6.405666666666668,5.304333333333333,4.950333333333332,899.5666666666667,257.53333333333336,0.06666666666666667,41.666666666666664,2.8333333333333335,0.7
2023,10,22,3,30,17.99333333333334,64.4,55.733333333333334,1002.858,4.940666666666666,5.585000000000002,7.8903333333333325,7.085999999999999,5.633333333333334,5.262666666666666,959.2,275.2,0.1,46.2,3.3666666666666667,0.4666666666666667
2023,10,22,4,0,17.82,64.06666666666666,56.53333333333333,1002.7146666666665,5.414333333333334,5.848000000000001,8.217666666666666,7.530666666666667,6.013,5.597999999999999,1031.4333333333334,296.1,0.06666666666666667,48.7,2.933333333333333,0.4666666666666667
2023,10,22,4,30,17.86666666666667,64.13333333333334,54.733333333333334,1002.6800000000001,5.842666666666665,6.239333333333334,9.284333333333333,8.191333333333334,6.457333333333333,5.989666666666667,1099.2666666666667,316.93333333333334,0.2,54.4,3.8333333333333335,0.9
2023,10,22,5,0,17.800000000000004,64.0,54.333333333333336,1002.7060000000004,6.619000000000001,7.127999999999999,10.938999999999998,9.696000000000002,7.229999999999999,6.456666666666666,1222.4333333333334,352.96666666666664,0.23333333333333334,65.66666666666667,5.1,1.0
2023,10,22,5,30,17.800000000000004,64.0,54.6,1002.813333333333,6.284666666666666,6.676666666666668,9.842666666666666,8.932333333333334,6.956999999999999,6.815666666666666,1171.5,337.93333333333334,0.23333333333333334,57.93333333333333,3.933333333333333,0.6
2023,10,22,6,0,16.86666666666666,62.333333333333336,56.93333333333333,1003.1853333333335,7.223333333333334,7.378333333333334,11.068000000000003,10.118333333333334,7.590333333333334,7.068666666666668,1297.6666666666667,375.1666666666667,0.06666666666666667,66.9,3.966666666666667,0.7
2023,10,22,6,30,17.740000000000006,63.93333333333333,55.86666666666667,1003.000666666667,6.861000000000002,7.237999999999999,11.060666666666666,9.882666666666667,7.812333333333334,7.357000000000002,1253.8666666666666,362.93333333333334,0.16666666666666666,66.06666666666666,5.1,0.8666666666666667
2023,10,22,7,0,18.300000000000004,65.0,54.0,1002.7413333333336,6.445999999999999,6.794666666666666,10.033666666666669,9.131333333333332,7.000333333333333,7.238333333333333,1196.1,343.4,0.16666666666666666,62.03333333333333,3.8333333333333335,0.6333333333333333
2023,10,22,7,30,18.699999999999996,65.66666666666667,53.733333333333334,1002.884,6.872,7.190333333333332,10.874666666666666,9.801333333333334,7.4173333333333344,7.0086666666666675,1249.4333333333334,361.26666666666665,0.16666666666666666,65.2,4.666666666666667,0.7666666666666667
2023,10,22,8,0,19.066666666666656,66.33333333333333,53.266666666666666,1003.0693333333339,8.850666666666665,8.891666666666667,14.270333333333333,12.681000000000003,8.909999999999998,7.607000000000001,1577.7333333333333,457.3333333333333,0.2,86.63333333333334,6.5,1.0666666666666667
2023,10,22,8,30,19.559999999999988,67.26666666666667,53.86666666666667,1003.1206666666666,8.293000000000001,8.475666666666669,13.131666666666664,11.976666666666668,9.210666666666668,8.546333333333333,1482.4333333333334,429.46666666666664,0.16666666666666666,79.83333333333333,5.6,0.7333333333333333
2023,10,22,9,0,19.959999999999997,67.93333333333334,53.53333333333333,1002.9893333333331,8.383666666666668,8.507333333333332,13.15,12.030333333333333,8.757666666666667,8.721666666666666,1502.9,434.8333333333333,0.16666666666666666,81.13333333333334,5.333333333333333,1.0333333333333334
2023,10,22,9,30,20.546666666666674,68.93333333333334,50.666666666666664,1003.1453333333334,8.468999999999998,8.499333333333334,13.103333333333335,12.015999999999996,9.073333333333334,8.583333333333334,1530.7,439.96666666666664,0.3,79.3,5.0,0.7333333333333333
2023,10,22,10,0,21.514285714285716,70.71428571428571,49.214285714285715,1002.9121428571431,7.129642857142858,7.441785714285714,11.290714285714285,10.226785714285715,8.046428571428573,8.409642857142858,1320.7142857142858,381.64285714285717,0.17857142857142858,68.53571428571429,4.821428571428571,0.7857142857142857
2023,10,22,10,30,22.77333333333335,73.0,49.06666666666667,1002.7686666666668,6.348000000000002,6.697000000000001,9.738333333333337,8.967333333333332,7.3713333333333315,7.680000000000001,1192.1333333333334,343.6333333333333,0.13333333333333333,57.96666666666667,3.6333333333333333,0.5666666666666667
2023,10,22,11,0,28.146666666666672,82.66666666666667,39.733333333333334,1002.4606666666665,4.5070000000000014,5.135000000000002,6.978666666666668,6.3226666666666675,5.3966666666666665,6.469666666666667,914.9333333333333,261.0,0.0,42.166666666666664,2.466666666666667,0.26666666666666666
2023,10,22,11,30,32.57333333333335,90.66666666666667,30.6,1002.2739999999999,4.943333333333334,5.306,7.073333333333334,6.613333333333335,5.452000000000001,5.502333333333334,963.6333333333333,272.76666666666665,0.0,39.86666666666667,2.1666666666666665,0.2
2023,10,22,12,0,31.59999999999999,88.86666666666666,31.133333333333333,1002.0773333333335,4.073333333333333,4.715000000000001,6.039000000000001,5.612666666666666,4.928333333333333,5.142666666666667,830.4333333333333,236.33333333333334,0.0,35.333333333333336,2.0,0.13333333333333333
2023,10,22,12,30,28.359999999999996,83.06666666666666,36.333333333333336,1001.8086666666665,3.835,4.535333333333336,5.704666666666667,5.306333333333334,4.665333333333335,4.827,789.6,226.56666666666666,0.03333333333333333,34.7,1.6333333333333333,0.13333333333333333
2023,10,22,13,0,28.233333333333324,82.86666666666666,37.0,1001.1553333333336,3.682333333333333,4.463666666666666,5.690333333333333,5.186999999999999,4.602333333333333,4.592333333333333,763.8,219.4,0.0,33.93333333333333,2.0,0.3333333333333333
2023,10,22,13,30,28.953333333333315,84.13333333333334,35.666666666666664,1000.4713333333331,3.0046666666666675,3.867333333333334,4.651,4.178333333333332,4.0729999999999995,4.366666666666666,672.3666666666667,192.03333333333333,0.0,27.3,1.5333333333333334,0.2
2023,10,22,14,0,31.72857142857143,89.14285714285714,30.285714285714285,1000.0214285714286,2.322142857142857,3.3296428571428573,3.5942857142857148,3.2674999999999996,3.4560714285714274,3.894285714285714,555.9285714285714,156.78571428571428,0.03571428571428571,21.392857142857142,1.1785714285714286,0.07142857142857142
2023,10,22,14,30,32.23999999999998,90.0,28.333333333333332,999.6493333333332,1.8716666666666668,2.9716666666666667,3.011,2.660666666666666,2.9903333333333335,3.346333333333333,493.0,139.1,0.03333333333333333,17.933333333333334,0.9,0.06666666666666667
2023,10,22,15,0,29.84666666666667,85.73333333333333,32.4,999.4333333333329,1.8983333333333334,3.000333333333334,2.984,2.7093333333333334,2.932333333333333,3.0283333333333333,490.9,139.3,0.0,18.833333333333332,0.8,0.06666666666666667
2023,10,22,15,30,25.233333333333317,77.46666666666667,45.53333333333333,999.8466666666667,0.736,2.1753333333333336,1.9140000000000004,1.3143333333333334,2.357666666666667,2.8059999999999987,287.3666666666667,80.5,0.2,12.4,1.4666666666666666,0.36666666666666664
2023,10,22,16,0,22.319999999999986,72.2,57.93333333333333,999.9320000000002,0.8526666666666666,2.2913333333333328,2.0576666666666665,1.51,2.018666666666667,2.3556666666666666,320.06666666666666,90.03333333333333,0.1,13.2,1.2666666666666666,0.26666666666666666
2023,10,22,16,30,23.113333333333344,73.6,57.0,999.6620000000003,0.3373333333333333,1.7880000000000005,0.925,0.6576666666666667,1.879333333333333,2.061666666666667,205.23333333333332,57.1,0.03333333333333333,7.833333333333333,0.6,0.16666666666666666
2023,10,22,17,0,24.59999999999999,76.33333333333333,51.733333333333334,999.6780000000003,0.04033333333333334,1.472333333333333,0.25233333333333324,0.12433333333333334,1.3,1.8069999999999997,137.4,37.96666666666667,0.0,4.666666666666667,0.26666666666666666,0.06666666666666667
2023,10,22,17,30,24.59999999999999,76.33333333333333,52.8,999.5539999999999,0.4373333333333333,1.8696666666666664,0.967,0.7956666666666669,1.6363333333333336,1.5626666666666666,239.56666666666666,66.8,0.03333333333333333,9.433333333333334,0.4,0.1
2023,10,22,18,0,23.519999999999992,74.33333333333333,52.86666666666667,999.5186666666671,0.15933333333333335,1.6523333333333332,0.5113333333333333,0.42733333333333334,1.5959999999999999,1.6993333333333331,164.56666666666666,46.833333333333336,0.0,7.5,0.06666666666666667,0.0
2023,10,22,18,30,22.25333333333332,72.06666666666666,53.2,999.6520000000002,0.02766666666666667,1.4856666666666662,0.301,0.14566666666666664,1.3286666666666667,1.6290000000000004,126.8,36.03333333333333,0.0,4.966666666666667,0.13333333333333333,0.03333333333333333
2023,10,22,19,0,21.65333333333334,70.93333333333334,54.333333333333336,999.6960000000001,0.07700000000000001,1.615,0.5016666666666667,0.36433333333333345,1.4300000000000002,1.5056666666666665,155.96666666666667,43.86666666666667,0.0,6.366666666666666,0.3333333333333333,0.0
2023,10,22,19,30,20.80000000000001,69.4,56.06666666666667,999.8113333333334,0.13333333333333333,1.6699999999999997,0.6636666666666666,0.45733333333333337,1.5093333333333336,1.5603333333333333,179.06666666666666,51.166666666666664,0.0,7.6,0.23333333333333334,0.0
2023,10,22,20,0,20.080000000000002,68.13333333333334,57.8,999.6453333333334,0.19400000000000003,1.7040000000000002,0.8283333333333335,0.5166666666666667,1.5556666666666665,1.6250000000000004,192.1,53.43333333333333,0.0,7.6,0.7333333333333333,0.06666666666666667
2023,10,22,20,30,20.0,68.0,58.8,999.6679999999996,0.10533333333333332,1.6530000000000002,0.7956666666666664,0.42933333333333334,1.5063333333333333,1.6393333333333329,167.76666666666668,47.5,0.06666666666666667,7.266666666666667,0.7333333333333333,0.16666666666666666
2023,10,22,21,0,20.16,68.26666666666667,58.8,999.9086666666668,0.05733333333333333,1.5376666666666665,0.5269999999999999,0.23600000000000002,1.3993333333333333,1.589,134.56666666666666,38.6,0.0,6.0,0.5,0.1
2023,10,22,21,30,20.56000000000001,68.93333333333334,58.06666666666667,999.8966666666668,0.23766666666666666,1.7613333333333332,1.006,0.6126666666666668,1.5946666666666665,1.598,193.2,54.96666666666667,0.03333333333333333,9.2,0.6666666666666666,0.06666666666666667
2023,10,22,22,0,20.36000000000001,68.6,59.8,999.9433333333328,0.06199999999999999,1.5379999999999998,0.401,0.23400000000000004,1.4216666666666669,1.6156666666666666,133.96666666666667,37.733333333333334,0.0,5.4,0.3,0.03333333333333333
2023,10,22,22,30,19.68,67.46666666666667,62.0,1000.0326666666666,0.0013333333333333333,1.437333333333333,0.18500000000000003,0.06266666666666668,1.27,1.512,84.83333333333333,24.333333333333332,0.0,3.6,0.1,0.0
2023,10,22,23,0,19.399999999999988,67.0,64.26666666666667,1000.1453333333333,0.015666666666666666,1.4659999999999995,0.25433333333333336,0.11233333333333334,1.2796666666666667,1.4103333333333332,115.43333333333334,31.733333333333334,0.0,4.133333333333334,0.13333333333333333,0.0
2023,10,22,23,30,19.133333333333322,66.46666666666667,65.8,1000.227333333333,0.11100000000000002,1.6089999999999995,0.5476666666666669,0.356,1.4276666666666669,1.4519999999999995,157.1,44.666666666666664,0.0,7.166666666666667,0.3333333333333333,0.0
2023,10,23,0,0,18.779999999999987,65.8,66.4,1000.3246666666671,0.22366666666666665,1.769666666666667,0.832,0.6263333333333335,1.5769999999999997,1.574333333333333,192.8,55.233333333333334,0.0,9.266666666666667,0.43333333333333335,0.0
2023,10,23,0,30,18.300000000000004,65.0,68.73333333333333,1000.2380000000002,0.30299999999999994,1.8616666666666668,0.9949999999999999,0.7816666666666666,1.7269999999999996,1.7213333333333336,213.06666666666666,61.3,0.0,10.3,0.7,0.06666666666666667
2023,10,23,1,0,18.34,65.06666666666666,68.86666666666666,1000.2260000000001,0.4343333333333333,1.9190000000000003,1.151,0.948,1.7523333333333333,1.825,232.9,66.86666666666666,0.0,11.166666666666666,0.5333333333333333,0.0
2023,10,23,1,30,18.73999999999999,65.73333333333333,67.06666666666666,1000.2919999999995,0.7763333333333335,2.122333333333333,1.7313333333333332,1.2906666666666666,2.0036666666666663,1.9366666666666665,286.53333333333336,82.06666666666666,0.13333333333333333,12.933333333333334,0.9333333333333333,0.26666666666666666
2023,10,23,2,0,18.899999999999988,66.0,66.53333333333333,1000.2133333333334,1.0276666666666663,2.4356666666666666,2.2426666666666666,1.8090000000000002,2.209333333333334,2.114,345.2,100.36666666666666,0.13333333333333333,17.1,1.1333333333333333,0.3333333333333333
2023,10,23,2,30,18.69999999999999,65.66666666666667,66.53333333333333,1000.1753333333335,1.2446666666666664,2.6726666666666663,2.8009999999999993,2.2,2.6133333333333337,2.3953333333333333,374.8333333333333,108.23333333333333,0.1,20.166666666666668,1.7666666666666666,0.23333333333333334
2023,10,23,3,0,18.300000000000004,65.0,68.13333333333334,999.9886666666666,1.839666666666667,3.268333333333333,3.847,3.1849999999999996,3.0786666666666678,2.7676666666666665,459.8666666666667,134.7,0.03333333333333333,28.633333333333333,2.033333333333333,0.4
2023,10,23,3,30,18.000000000000004,64.4,68.86666666666666,999.8586666666662,2.497,3.898666666666666,4.916333333333335,4.225666666666665,3.784333333333334,3.2663333333333333,572.1666666666666,167.86666666666667,0.13333333333333333,38.2,2.2333333333333334,0.3333333333333333
2023,10,23,4,0,17.800000000000004,64.0,68.8,999.9060000000003,3.0683333333333334,4.341,5.632999999999999,4.958666666666668,4.362333333333335,3.907333333333333,640.1333333333333,187.06666666666666,0.13333333333333333,42.5,2.3666666666666667,0.4
2023,10,23,4,30,17.720000000000006,63.86666666666667,68.26666666666667,1000.184,2.995,4.296000000000001,5.336666666666668,4.882666666666667,4.368,4.263,627.5666666666667,184.4,0.06666666666666667,42.43333333333333,2.066666666666667,0.16666666666666666
2023,10,23,5,0,16.933333333333326,62.46666666666667,69.8,1000.4559999999999,4.139333333333332,5.691000000000001,7.9346666666666685,7.187999999999998,5.467666666666668,4.664666666666666,823.7,244.66666666666666,0.06666666666666667,64.73333333333333,3.6,0.4666666666666667
2023,10,23,5,30,16.699999999999992,62.0,71.86666666666666,1000.492666666667,4.6403333333333325,6.271333333333332,8.883666666666667,8.148,6.4796666666666685,5.5729999999999995,923.8,271.1666666666667,0.13333333333333333,69.93333333333334,4.4,0.36666666666666664
2023,10,23,6,0,16.699999999999992,62.0,71.93333333333334,1000.518,4.479666666666666,6.04733333333333,8.495666666666667,7.778999999999998,6.309666666666666,6.186000000000001,890.5666666666667,262.73333333333335,0.1,67.5,4.033333333333333,0.3333333333333333
2023,10,23,6,30,16.140000000000008,61.06666666666667,72.13333333333334,1000.6126666666664,5.309,6.953666666666665,10.332333333333331,9.276999999999997,7.007666666666666,6.396,1030.4,301.73333333333335,0.2,78.5,5.1,0.7333333333333333
2023,10,23,7,0,16.540000000000003,61.733333333333334,72.53333333333333,1000.9413333333331,6.234666666666666,7.726666666666664,11.377666666666666,10.554,7.831333333333333,6.982666666666668,1158.7333333333333,342.1666666666667,0.0,88.43333333333334,5.566666666666666,0.5
2023,10,23,7,30,17.199999999999992,63.0,71.13333333333334,1001.3559999999995,6.786333333333334,8.628666666666664,13.114666666666665,12.044333333333336,8.968,7.913333333333336,1236.6,369.53333333333336,0.0,108.56666666666666,6.433333333333334,0.5666666666666667
2023,10,23,8,0,17.519999999999996,63.53333333333333,69.6,1001.712,5.829333333333334,7.327333333333333,10.509333333333332,9.893999999999998,7.974333333333332,8.214333333333334,1071.2666666666667,318.8333333333333,0.0,84.5,4.3,0.36666666666666664
2023,10,23,8,30,17.800000000000004,64.0,68.53333333333333,1002.1260000000001,4.985333333333334,6.717333333333333,9.193666666666667,8.887333333333334,7.176333333333333,7.5873333333333335,971.9666666666667,288.8,0.0,78.3,3.533333333333333,0.03333333333333333
2023,10,23,9,0,17.793333333333337,64.0,68.4,1002.282,4.149666666666667,5.918000000000003,8.202666666666667,7.564666666666667,6.266,6.706666666666665,820.4666666666667,244.96666666666667,0.03333333333333333,70.7,3.8333333333333335,0.3
2023,10,23,9,30,17.86666666666667,64.13333333333334,67.93333333333334,1002.4699999999998,4.0873333333333335,5.968000000000002,8.218,7.648333333333331,6.073333333333332,6.1176666666666675,820.3333333333334,244.3,0.0,71.2,4.066666666666666,0.26666666666666666
2023,10,23,10,0,18.38666666666667,65.13333333333334,66.86666666666666,1002.4266666666664,4.991333333333334,6.885,9.899666666666667,9.161666666666667,6.963666666666667,6.2170000000000005,972.5666666666667,289.73333333333335,0.06666666666666667,83.9,4.866666666666666,0.26666666666666666
2023,10,23,10,30,18.933333333333323,66.06666666666666,64.13333333333334,1002.4733333333332,5.157333333333335,6.7349999999999985,9.484666666666667,8.913666666666666,7.1866666666666665,6.761666666666668,996.8,294.8,0.0,77.83333333333333,3.8333333333333335,0.23333333333333334
2023,10,23,11,0,20.07999999999999,68.13333333333334,59.0,1002.2906666666669,4.257666666666666,5.754666666666666,7.778,7.295000000000001,6.092666666666668,6.626,847.5666666666667,251.06666666666666,0.0,65.36666666666666,3.3333333333333335,0.16666666666666666
2023,10,23,11,30,20.600000000000012,69.0,55.93333333333333,1002.0819999999999,4.328666666666667,5.740666666666666,7.901333333333333,7.270333333333334,5.873,5.9813333333333345,862.8,254.3,0.0,61.53333333333333,3.6666666666666665,0.43333333333333335
2023,10,23,12,0,21.020000000000014,69.8,54.733333333333334,1001.9426666666666,4.066000000000001,5.3196666666666665,6.9430000000000005,6.576333333333332,5.6850000000000005,5.685666666666666,823.7666666666667,242.16666666666666,0.0,56.1,2.2666666666666666,0.16666666666666666
2023,10,23,12,30,22.006666666666668,71.6,51.4,1001.6273333333335,4.032666666666666,5.226333333333334,6.784,6.421000000000001,5.254333333333333,5.413999999999999,813.8333333333334,239.16666666666666,0.0,50.7,2.3333333333333335,0.16666666666666666
2023,10,23,13,0,23.026666666666667,73.46666666666667,48.733333333333334,1001.4126666666664,5.781999999999999,6.764,9.569333333333335,8.964666666666664,6.757999999999998,5.682666666666667,1100.9333333333334,323.3333333333333,0.06666666666666667,69.83333333333333,3.2666666666666666,0.23333333333333334
2023,10,23,13,30,23.073333333333327,73.53333333333333,48.46666666666667,1001.179333333333,6.925333333333334,7.500000000000002,10.902333333333331,10.18,7.6576666666666675,6.703666666666666,1271.5,370.03333333333336,0.03333333333333333,73.46666666666667,3.933333333333333,0.26666666666666666
